construct	stressor	dose_mM	replicate	od600_mean	od600_half_sd	rfu_mean	rfu_half_sd	per_cell	per_cell_half_sd
UPRE1	H2O2	0.0	1	0.3203333333333333	0.015134581446328656	1774.0	82.37819290726561	5539.1614659375045	40.501709611171734
UPRE1	H2O2	0.1	1	0.319	0.013083067937860255	1837.3333333333333	41.980815724434045	5778.120829505679	113.12722127182789
UPRE1	H2O2	0.2	1	0.3363333333333333	0.0034721111093332668	1900.3333333333333	50.07716268142817	5655.6729088521	184.75451795079772
UPRE1	H2O2	0.5	1	0.3376666666666666	0.012886254520051802	1799.6666666666667	40.66393433443886	5344.0163661629285	111.99600256447212
UPRE1	H2O2	1.0	1	0.288	0.0029439202887759515	1551.3333333333333	52.46321462595377	5383.29478489053	148.3080877157289
UPRE1	H2O2	2.0	1	0.1446666666666667	0.005390320542932076	299.0	23.940899454002697	2072.176632563782	168.81362050715407
UPRE1	H2O2	4.0	1	0.14533333333333334	0.00690812725868757	194.0	1.7795130420052185	1348.1418686202453	71.14387006923837
UPRE2	H2O2	0.0	1	0.31266666666666665	0.005792715732327594	1513.0	43.59090119126544	4836.477838971939	75.90757163311285
UPRE2	H2O2	0.1	1	0.3226666666666667	0.016177831196493	1585.3333333333333	110.91613448407264	4892.768617112332	114.28350210177855
UPRE2	H2O2	0.2	1	0.34800000000000003	0.004966554808583772	1696.0	32.45766473423496	4872.189348212734	24.478002767022893
UPRE2	H2O2	0.5	1	0.3216666666666667	0.006944222218666559	1591.6666666666667	45.76085177917425	4945.276275498636	38.989039694623
UPRE2	H2O2	1.0	1	0.3076666666666667	0.011404190263037345	1462.3333333333333	59.10630724005312	4750.64021906401	21.819281667546782
UPRE2	H2O2	2.0	1	0.15733333333333333	0.006059886320899286	243.0	6.123724356957945	1555.6883993190247	79.75684314666987
UPRE2	H2O2	4.0	1	0.164	0.0021602468994692888	181.0	1.632993161855452	1104.0306494210718	9.496062658317175
NativeYap1	DTT	0.0	1	0.3713333333333333	0.011032779442290253	1251.3333333333333	44.4996878890428	3367.872678170161	27.80861459431272
NativeYap1	DTT	0.1	1	0.39666666666666667	0.015035144015125216	1276.6666666666667	39.75200903378624	3221.871386919413	24.48751318407177
NativeYap1	DTT	0.2	1	0.416	0.0017795130420052202	1382.3333333333333	13.572848714334887	3322.6230389183547	19.44361878475008
NativeYap1	DTT	0.5	1	0.37399999999999994	0.0069402209378856775	1326.0	25.71964229922337	3545.2331130080493	2.9842078745680296
NativeYap1	DTT	1.0	1	0.267	0.00470814896394185	959.0	24.74200207474461	3589.672430445633	30.26685785969584
NativeYap1	DTT	2.0	1	0.275	0.00748331477354788	1005.0	12.69514342836136	3669.813137537467	143.91654334040678
NativeYap1	DTT	5.0	1	0.2786666666666667	0.0022484562605386647	919.0	8.195527235429498	3297.766934295785	4.734472591917776
AlteredYap1	DTT	0.0	1	0.365	0.003341656275960573	1080.6666666666667	3.9651257511234395	2961.6951738164157	28.543052699605425
AlteredYap1	DTT	0.1	1	0.37433333333333335	0.002867441755680878	1083.6666666666667	18.27718675167367	2895.694689389984	54.987304534118756
AlteredYap1	DTT	0.2	1	0.4000000000000001	0.0014142135623730963	1181.0	32.220593828585265	2951.555354540429	70.93183976626403
AlteredYap1	DTT	0.5	1	0.38033333333333336	0.004169998667732272	1209.0	33.59315406448165	3182.2353948709715	110.74099574111685
AlteredYap1	DTT	1.0	1	0.283	0.00951314879522022	956.3333333333334	13.822284744410222	3394.165615931952	118.9607265291616
AlteredYap1	DTT	2.0	1	0.2913333333333333	0.004552166761249225	899.3333333333334	17.38933261769666	3090.220784876092	79.52090225693992
AlteredYap1	DTT	5.0	1	0.29	0.006531972647421803	904.0	4.546060565661952	3123.1198388687917	67.35181629339208
UPRE1	H2O2	0.0	2	0.5173333333333334	0.0013123346456686365	2691.0	14.704496666741854	5202.09865866654	41.748526327122
UPRE1	H2O2	0.1	2	0.47633333333333333	0.007039570693980965	2353.0	11.834506984051155	4943.5394298794845	66.43147311080355
UPRE1	H2O2	0.2	2	0.48300000000000004	0.007597514213360994	2430.6666666666665	58.10383425864041	5031.269345655307	75.35347350685097
UPRE1	H2O2	0.5	2	0.4306666666666667	0.00902773504263389	2068.0	70.37084307833439	4796.836591854225	62.858295877319605
UPRE1	H2O2	1.0	2	0.20533333333333334	0.004496912521077346	1029.0	22.9939605597257	5013.173355803983	73.33453921560672
UPRE1	H2O2	2.0	2	0.19599999999999998	0.004696334267868456	832.6666666666666	73.38975102530023	4224.487889965779	273.1491910578916
UPRE1	H2O2	4.0	2	0.148	0.004365266951236269	192.33333333333334	1.8708286933869707	1302.6125845629076	26.248727556817254
UPRE2	H2O2	0.0	2	0.4363333333333333	0.008055363982396375	2233.3333333333335	67.77290510717883	5114.516896683358	73.13118473150114
UPRE2	H2O2	0.1	2	0.405	0.0022484562605386755	2175.6666666666665	37.359365923717476	5370.867079355963	66.63637716036561
UPRE2	H2O2	0.2	2	0.3933333333333333	0.007306770072260997	2101.3333333333335	40.400082508166626	5342.3322879566995	23.773003176176225
UPRE2	H2O2	0.5	2	0.304	0.03330748998181766	1536.6666666666667	165.50948277633154	5066.922684033986	160.6114866440937
UPRE2	H2O2	1.0	2	0.1426666666666667	0.005354126134736336	388.3333333333333	82.39033114793676	2667.506528677822	529.5879072162721
UPRE2	H2O2	2.0	2	0.13933333333333334	0.004496912521077346	222.33333333333337	24.748737341529132	1610.6970657844151	209.78431537224242
UPRE2	H2O2	4.0	2	0.14366666666666666	0.0054924190177613585	156.66666666666666	6.459274125025367	1089.991146296932	4.038776317654693
NativeYap1	DTT	0.0	2	0.40900000000000003	0.0010274023338281636	1223.6666666666667	15.28797639395817	2991.5714322681147	30.45151220741239
NativeYap1	DTT	0.1	2	0.3983333333333334	0.006381396573025555	1334.3333333333333	20.89258241577618	3349.8878168064643	6.728101825627433
NativeYap1	DTT	0.2	2	0.39399999999999996	0.002094967514996091	1326.0	12.391753530294071	3365.489558775111	26.124706698724133
NativeYap1	DTT	0.5	2	0.408	0.004496912521077351	1532.3333333333333	25.61575036313921	3754.8626330136376	25.838555461459045
NativeYap1	DTT	1.0	2	0.405	0.0036817870057290905	1651.0	30.73904502239601	4075.311001040524	44.27354126456694
NativeYap1	DTT	2.0	2	0.2906666666666667	0.0008164965809277268	1230.6666666666667	10.036046144883064	4233.754209745483	25.57136311453677
NativeYap1	DTT	5.0	2	0.289	0.004326918328582394	939.3333333333334	30.301265100102118	3250.7163129013074	96.3505645646146
AlteredYap1	DTT	0.0	2	0.441	0.009646530752325187	1139.0	38.50613226775993	2580.7254681060626	40.47305575827257
AlteredYap1	DTT	0.1	2	0.417	0.006342099196813479	1176.3333333333333	12.509996003196804	2821.7500540766687	13.627648337264013
AlteredYap1	DTT	0.2	2	0.4036666666666667	0.004813176359397888	1177.6666666666667	20.793962799064754	2916.828818136811	24.757470029424603
AlteredYap1	DTT	0.5	2	0.429	0.005312459150169735	1347.6666666666667	17.721612668026452	3141.332602523175	8.818866558189162
AlteredYap1	DTT	1.0	2	0.393	0.005948856099191587	1322.3333333333333	26.391286440793294	3363.823262891327	20.21406401066651
AlteredYap1	DTT	2.0	2	0.26866666666666666	0.002549509756796395	1000.6666666666666	9.69822435065077	3725.641321578765	45.82570712369077
AlteredYap1	DTT	5.0	2	0.28833333333333333	0.0006236095644623241	806.6666666666666	11.848581724784147	2797.9832800069175	45.34292057582599
UPRE1	H2O2	0.0	3	0.4876666666666667	0.008816020770292124	2373.6666666666665	60.1031520711592	4865.013129119228	43.82433430239217
UPRE1	H2O2	0.1	3	0.4426666666666666	0.02503774927761864	2196.6666666666665	146.0190246356808	4950.219234956506	54.90203847628652
UPRE1	H2O2	0.2	3	0.36400000000000005	0.018832595855767298	1914.3333333333333	133.86954678176645	5240.731751168644	98.53191430300667
UPRE1	H2O2	0.5	3	0.3256666666666667	0.004288226776756206	1769.0	54.10329626433741	5380.340709903593	239.27749780893964
UPRE1	H2O2	1.0	3	0.15166666666666664	0.01150603706272883	592.0	71.207443431147	3850.348040265582	193.70070038571544
UPRE1	H2O2	2.0	3	0.13366666666666668	0.010143416036468567	217.66666666666666	6.276056794587577	1655.1918306472478	88.23638575859454
UPRE1	H2O2	4.0	3	0.15133333333333335	0.008339997335464453	227.33333333333334	7.6412622575651	1510.42921686747	39.568965043121345
UPRE2	H2O2	0.0	3	0.5163333333333334	0.005169354139756946	2240.0	31.32890039564108	4337.676389326033	21.08199791297795
UPRE2	H2O2	0.1	3	0.4223333333333333	0.016544552644971164	1842.3333333333333	85.55342710195126	4357.77126272595	38.61439716021204
UPRE2	H2O2	0.2	3	0.3496666666666666	0.005201495511442403	1530.6666666666667	13.912424503139471	4379.359432827701	36.6853122585588
UPRE2	H2O2	0.5	3	0.3426666666666667	0.008209073570683163	1528.3333333333333	25.698032782469728	4463.171522197753	33.17976383285421
UPRE2	H2O2	1.0	3	0.2263333333333333	0.008269757486703519	998.6666666666666	45.1226723006911	4411.491854865349	106.20314864456627
UPRE2	H2O2	2.0	3	0.13833333333333334	0.004552166761249219	240.33333333333334	3.0641293851417055	1745.3007504504985	65.0108997880595
UPRE2	H2O2	4.0	3	0.13833333333333334	0.0018408935028645392	227.66666666666666	1.247219128924647	1647.123155883701	26.377266673721348
NativeYap1	DTT	0.0	3	0.49866666666666665	0.0036817870057290905	1636.3333333333333	5.54276304943863	3281.8339402927472	14.880299250533026
NativeYap1	DTT	0.1	3	0.4626666666666666	0.005436502143433358	1672.3333333333333	38.34565019515106	3612.6502458519485	41.53864071118926
NativeYap1	DTT	0.2	3	0.4656666666666667	0.010200762498732899	1648.6666666666667	47.11039045570403	3538.4030162978925	23.806174483219408
NativeYap1	DTT	0.5	3	0.47533333333333333	0.009533566430716725	1751.6666666666667	36.40589085421326	3685.3151135005974	25.09484927801341
NativeYap1	DTT	1.0	3	0.47333333333333333	0.015189543186752598	1827.0	64.56392181396666	3858.297364383183	12.387857211576181
NativeYap1	DTT	2.0	3	0.3423333333333333	0.008605553762283717	1410.6666666666667	24.27733282073813	4124.641156107666	45.865689610795016
NativeYap1	DTT	5.0	3	0.30466666666666664	0.0051854497287013536	1169.6666666666667	10.249661241014532	3841.8140288829945	43.243573887325894
AlteredYap1	DTT	0.0	3	0.42733333333333334	0.005906681715556456	1365.6666666666667	19.07150288315586	3195.8234037181405	9.934229226417978
AlteredYap1	DTT	0.1	3	0.43333333333333335	0.003399346342395193	1434.6666666666667	27.523727137790686	3309.884809668434	43.17491011688889
AlteredYap1	DTT	0.2	3	0.4613333333333333	0.01322455628325158	1562.0	56.39592183837409	3383.5549861594604	42.6609035877971
AlteredYap1	DTT	0.5	3	0.4603333333333333	0.0030641293851417085	1514.0	13.490737563232042	3290.280577150718	51.157188640552505
AlteredYap1	DTT	1.0	3	0.478	0.004636809247747856	1670.0	16.87206764645835	3493.8592290668407	18.424352515054277
AlteredYap1	DTT	2.0	3	0.3403333333333333	0.021143688314850917	1189.0	15.269795894728476	3533.7795389945845	161.9241661687712
AlteredYap1	DTT	5.0	3	0.32033333333333336	0.030860798578275332	990.3333333333334	16.280526882000952	3188.099147054371	253.40327660746604
