construct,dose_mM,elapsed_min,signal
UPRE1,0.0,0.0,2765.9487522871277
UPRE1,0.1,0.0,2852.8584139695254
UPRE1,0.2,0.0,2870.9401124791
UPRE1,0.5,0.0,2826.894640720448
UPRE1,1.0,0.0,2796.5093197772935
UPRE1,2.0,0.0,2554.116465863454
UPRE1,5.0,0.0,2504.320662082617
UPRE1,0.0,10.0,2798.1854319078498
UPRE1,0.1,10.0,2880.6808015745214
UPRE1,0.2,10.0,2533.6590223944877
UPRE1,0.5,10.0,2701.9146452460373
UPRE1,1.0,10.0,2504.757586598251
UPRE1,2.0,10.0,2447.0736457805647
UPRE1,5.0,10.0,2185.125448028674
UPRE1,0.0,20.0,2711.945146236008
UPRE1,0.1,20.0,2285.5836041319913
UPRE1,0.2,20.0,2422.7665165165167
UPRE1,0.5,20.0,2384.9668550010197
UPRE1,1.0,20.0,2242.4331981005525
UPRE1,2.0,20.0,2288.0111931850342
UPRE1,5.0,20.0,1833.6093017746407
UPRE1,0.0,30.0,2409.45934986135
UPRE1,0.1,30.0,2382.5662651066705
UPRE1,0.2,30.0,2504.273932906899
UPRE1,0.5,30.0,2095.7055163373893
UPRE1,1.0,30.0,2477.672043576522
UPRE1,2.0,30.0,2348.109144967151
UPRE1,5.0,30.0,2017.1522011033933
UPRE1,0.0,40.0,2646.316262353998
UPRE1,0.1,40.0,2721.7379578819005
UPRE1,0.2,40.0,2317.855648150703
UPRE1,0.5,40.0,2324.044676306368
UPRE1,1.0,40.0,2563.0961866062657
UPRE1,2.0,40.0,2508.041006975491
UPRE1,5.0,40.0,2215.839967916028
UPRE1,0.0,50.0,2787.621176502275
UPRE1,0.1,50.0,2811.146364604598
UPRE1,0.2,50.0,2659.860807945523
UPRE1,0.5,50.0,2849.504501517724
UPRE1,1.0,50.0,2559.0092037305135
UPRE1,2.0,50.0,2780.132064061537
UPRE1,5.0,50.0,2697.4100444939045
UPRE1,0.0,60.0,3015.964865819209
UPRE1,0.1,60.0,2928.0275034155297
UPRE1,0.2,60.0,2970.1305409748834
UPRE1,0.5,60.0,3137.1632136053086
UPRE1,1.0,60.0,3663.970939320745
UPRE1,2.0,60.0,2944.0927644118387
UPRE1,5.0,60.0,2872.1761572737764
UPRE1,0.0,70.0,2952.1981968017776
UPRE1,0.1,70.0,2875.961272718499
UPRE1,0.2,70.0,3091.923151635265
UPRE1,0.5,70.0,2942.783877932767
UPRE1,1.0,70.0,3575.5122070911543
UPRE1,2.0,70.0,3349.604448767944
UPRE1,5.0,70.0,3183.5371121108224
UPRE1,0.0,80.0,2709.514178413077
UPRE1,0.1,80.0,2696.60786841694
UPRE1,0.2,80.0,2938.6568330116716
UPRE1,0.5,80.0,3286.2114418054593
UPRE1,1.0,80.0,3578.958238673819
UPRE1,2.0,80.0,3651.838011955628
UPRE1,5.0,80.0,3588.2444509559737
UPRE1,0.0,90.0,2823.318801506721
UPRE1,0.1,90.0,2752.543123852965
UPRE1,0.2,90.0,3016.2632608919557
UPRE1,0.5,90.0,3405.1385209171494
UPRE1,1.0,90.0,3949.975970545591
UPRE1,2.0,90.0,3975.821199569707
UPRE1,5.0,90.0,3506.7527501738027
UPRE1,0.0,100.0,2810.3484178224135
UPRE1,0.1,100.0,2809.328579916815
UPRE1,0.2,100.0,3057.180953704133
UPRE1,0.5,100.0,3528.831171986352
UPRE1,1.0,100.0,4109.85904420062
UPRE1,2.0,100.0,4307.854762458343
UPRE1,5.0,100.0,3777.251422412713
UPRE1,0.0,110.0,2825.5259006375004
UPRE1,0.1,110.0,2823.6793611793614
UPRE1,0.2,110.0,2935.8756409410003
UPRE1,0.5,110.0,3665.477151666672
UPRE1,1.0,110.0,4377.036492030772
UPRE1,2.0,110.0,4521.766607319943
UPRE1,5.0,110.0,4044.7055276502674
UPRE1,0.0,120.0,2799.2386015498287
UPRE1,0.1,120.0,2826.7464867958793
UPRE1,0.2,120.0,2986.687163880868
UPRE1,0.5,120.0,3734.799778602835
UPRE1,1.0,120.0,4519.191530170326
UPRE1,2.0,120.0,4909.634469097717
UPRE1,5.0,120.0,4379.572188723975
UPRE1,0.0,130.0,2801.2518601452134
UPRE1,0.1,130.0,2868.578378240847
UPRE1,0.2,130.0,3100.7330067489424
UPRE1,0.5,130.0,3859.581902288595
UPRE1,1.0,130.0,4760.949640112063
UPRE1,2.0,130.0,5318.353989841937
UPRE1,5.0,130.0,4956.946623618529
UPRE1,0.0,140.0,2908.534477390485
UPRE1,0.1,140.0,2995.11926937194
UPRE1,0.2,140.0,3170.271896637443
UPRE1,0.5,140.0,3996.5498935368264
UPRE1,1.0,140.0,5009.471954771824
UPRE1,2.0,140.0,5703.081286554615
UPRE1,5.0,140.0,5163.7677588897095
UPRE1,0.0,150.0,2946.541645331968
UPRE1,0.1,150.0,3043.02420938752
UPRE1,0.2,150.0,3204.739251472464
UPRE1,0.5,150.0,4037.074986437626
UPRE1,1.0,150.0,5261.423043178543
UPRE1,2.0,150.0,6023.003848003848
UPRE1,5.0,150.0,5515.5251830873995
UPRE1,0.0,160.0,2956.1507936507933
UPRE1,0.1,160.0,3090.5174839090396
UPRE1,0.2,160.0,3262.6618392649943
UPRE1,0.5,160.0,4149.073512305598
UPRE1,1.0,160.0,5477.914139856785
UPRE1,2.0,160.0,6263.10971264339
UPRE1,5.0,160.0,5788.423216109858
UPRE1,0.0,170.0,2991.872358699578
UPRE1,0.1,170.0,3131.1776900693694
UPRE1,0.2,170.0,3297.066546338418
UPRE1,0.5,170.0,4226.654291584945
UPRE1,1.0,170.0,5560.380056312578
UPRE1,2.0,170.0,6578.165650200102
UPRE1,5.0,170.0,6028.087813553684
UPRE1,0.0,180.0,2989.8101739831777
UPRE1,0.1,180.0,3128.6764099264096
UPRE1,0.2,180.0,3265.0199552552044
UPRE1,0.5,180.0,4271.717068138315
UPRE1,1.0,180.0,5649.7228117735895
UPRE1,2.0,180.0,6734.687586136862
UPRE1,5.0,180.0,6151.419113464252
UPRE1,0.0,190.0,3045.049900737507
UPRE1,0.1,190.0,3222.6249093146675
UPRE1,0.2,190.0,3335.2978722443645
UPRE1,0.5,190.0,4314.376806412205
UPRE1,1.0,190.0,5836.743568191571
UPRE1,2.0,190.0,6931.640782378766
UPRE1,5.0,190.0,6360.987381266452
UPRE1,0.0,200.0,3071.9473847571767
UPRE1,0.1,200.0,3249.7031351127503
UPRE1,0.2,200.0,3433.5439259528016
UPRE1,0.5,200.0,4339.753555957991
UPRE1,1.0,200.0,5869.730666393717
UPRE1,2.0,200.0,7228.619542030938
UPRE1,5.0,200.0,6507.869853239102
UPRE1,0.0,210.0,3106.3871335807867
UPRE1,0.1,210.0,3271.918612145973
UPRE1,0.2,210.0,3448.367128876716
UPRE1,0.5,210.0,4367.880632088159
UPRE1,1.0,210.0,6022.787665099427
UPRE1,2.0,210.0,7339.402503453585
UPRE1,5.0,210.0,6746.28858139875
UPRE1,0.0,220.0,3150.826050963919
UPRE1,0.1,220.0,3386.478387352679
UPRE1,0.2,220.0,3501.3999921022028
UPRE1,0.5,220.0,4462.193889936715
UPRE1,1.0,220.0,6134.857558174353
UPRE1,2.0,220.0,7544.050881776134
UPRE1,5.0,220.0,6895.670757710297
UPRE1,0.0,230.0,3211.495436018459
UPRE1,0.1,230.0,3423.4850452717656
UPRE1,0.2,230.0,3611.4032029687764
UPRE1,0.5,230.0,4487.869582141588
UPRE1,1.0,230.0,6268.064546046643
UPRE1,2.0,230.0,7739.723478964218
UPRE1,5.0,230.0,7059.321201934879
UPRE1,0.0,240.0,3330.626901804389
UPRE1,0.1,240.0,3552.368849547093
UPRE1,0.2,240.0,3755.895416702429
UPRE1,0.5,240.0,4593.4487817180225
UPRE1,1.0,240.0,6399.007563013266
UPRE1,2.0,240.0,7880.280878586127
UPRE1,5.0,240.0,7228.733169964372
UPRE2,0.0,0.0,3258.454106280193
UPRE2,0.1,0.0,3057.116640449974
UPRE2,0.2,0.0,2922.320629808552
UPRE2,0.5,0.0,2577.0678733031673
UPRE2,1.0,0.0,2648.6514816703493
UPRE2,2.0,0.0,2740.2871886567536
UPRE2,5.0,0.0,2770.632474579843
UPRE2,0.0,10.0,3636.2303155781415
UPRE2,0.1,10.0,3206.8414278940595
UPRE2,0.2,10.0,3351.349037393558
UPRE2,0.5,10.0,3209.746917970602
UPRE2,1.0,10.0,2911.328027787926
UPRE2,2.0,10.0,2668.7289769422555
UPRE2,5.0,10.0,2815.881579683392
UPRE2,0.0,20.0,2862.6445488403756
UPRE2,0.1,20.0,3648.8644688644686
UPRE2,0.2,20.0,2962.63363775834
UPRE2,0.5,20.0,3145.1221552878183
UPRE2,1.0,20.0,2974.5951339319977
UPRE2,2.0,20.0,2564.1301907968573
UPRE2,5.0,20.0,2678.197674418605
UPRE2,0.0,30.0,2811.4921979142164
UPRE2,0.1,30.0,3319.3605957591394
UPRE2,0.2,30.0,2749.52104791332
UPRE2,0.5,30.0,3029.1607471717975
UPRE2,1.0,30.0,2877.250766626137
UPRE2,2.0,30.0,2949.8598907632695
UPRE2,5.0,30.0,2721.939877096828
UPRE2,0.0,40.0,3056.9752317521647
UPRE2,0.1,40.0,2863.216710358271
UPRE2,0.2,40.0,3211.0094650018
UPRE2,0.5,40.0,3491.198501872659
UPRE2,1.0,40.0,3263.4597473413264
UPRE2,2.0,40.0,3307.463903120634
UPRE2,5.0,40.0,2964.7535356449694
UPRE2,0.0,50.0,2947.1775658801257
UPRE2,0.1,50.0,2786.339289116561
UPRE2,0.2,50.0,3116.9022683593976
UPRE2,0.5,50.0,3395.7307922336663
UPRE2,1.0,50.0,3475.612485837992
UPRE2,2.0,50.0,3586.6688869420645
UPRE2,5.0,50.0,3101.939600095173
UPRE2,0.0,60.0,2975.115542816227
UPRE2,0.1,60.0,2987.4370925100848
UPRE2,0.2,60.0,3272.9101476805604
UPRE2,0.5,60.0,3711.976160670254
UPRE2,1.0,60.0,3816.3190025636763
UPRE2,2.0,60.0,4036.0318444995864
UPRE2,5.0,60.0,3483.2367795603095
UPRE2,0.0,70.0,3300.0607763396183
UPRE2,0.1,70.0,3403.141507721383
UPRE2,0.2,70.0,3375.7944148701877
UPRE2,0.5,70.0,3916.706000958528
UPRE2,1.0,70.0,4372.701979938282
UPRE2,2.0,70.0,4521.113032025244
UPRE2,5.0,70.0,3993.5726552246156
UPRE2,0.0,80.0,3271.8656176393774
UPRE2,0.1,80.0,3194.4093532586485
UPRE2,0.2,80.0,3510.5952530824634
UPRE2,0.5,80.0,4014.3204410585045
UPRE2,1.0,80.0,4578.663570691435
UPRE2,2.0,80.0,4857.338950993676
UPRE2,5.0,80.0,4313.330857738753
UPRE2,0.0,90.0,3414.043353950286
UPRE2,0.1,90.0,3351.1713200256254
UPRE2,0.2,90.0,3661.2820911840518
UPRE2,0.5,90.0,4404.11440826816
UPRE2,1.0,90.0,5070.77368243879
UPRE2,2.0,90.0,5280.887607874865
UPRE2,5.0,90.0,4659.8143236074275
UPRE2,0.0,100.0,3426.9596654995635
UPRE2,0.1,100.0,3362.592653440499
UPRE2,0.2,100.0,3760.6676113997796
UPRE2,0.5,100.0,4569.713291690194
UPRE2,1.0,100.0,5393.935089470024
UPRE2,2.0,100.0,5713.019766105252
UPRE2,5.0,100.0,5270.15639589169
UPRE2,0.0,110.0,3537.2927096370463
UPRE2,0.1,110.0,3554.7970905527923
UPRE2,0.2,110.0,3926.213220330868
UPRE2,0.5,110.0,4728.108526790304
UPRE2,1.0,110.0,5750.181816749205
UPRE2,2.0,110.0,6129.065705254692
UPRE2,5.0,110.0,5679.479263147062
UPRE2,0.0,120.0,3630.9983625291775
UPRE2,0.1,120.0,3614.958399333724
UPRE2,0.2,120.0,3934.460143355849
UPRE2,0.5,120.0,4848.3518978616885
UPRE2,1.0,120.0,6078.600637409435
UPRE2,2.0,120.0,6555.124668381238
UPRE2,5.0,120.0,6119.194591416814
UPRE2,0.0,130.0,3615.0953570237193
UPRE2,0.1,130.0,3707.933497147227
UPRE2,0.2,130.0,4135.483526737252
UPRE2,0.5,130.0,4983.221282738708
UPRE2,1.0,130.0,6355.534666858373
UPRE2,2.0,130.0,6978.269352133105
UPRE2,5.0,130.0,6501.364771473372
UPRE2,0.0,140.0,3791.2558021221025
UPRE2,0.1,140.0,3882.8446800922825
UPRE2,0.2,140.0,4260.5144334601855
UPRE2,0.5,140.0,5118.414084782507
UPRE2,1.0,140.0,6772.684409038965
UPRE2,2.0,140.0,7443.004170613953
UPRE2,5.0,140.0,6968.574836016695
UPRE2,0.0,150.0,3880.9029859029856
UPRE2,0.1,150.0,3930.186104674685
UPRE2,0.2,150.0,4368.183687255852
UPRE2,0.5,150.0,5228.481369580077
UPRE2,1.0,150.0,7031.972358773401
UPRE2,2.0,150.0,7821.519769690502
UPRE2,5.0,150.0,7435.074647996765
UPRE2,0.0,160.0,3916.1767796863405
UPRE2,0.1,160.0,3941.9449195607444
UPRE2,0.2,160.0,4395.546139645194
UPRE2,0.5,160.0,5390.225888330461
UPRE2,1.0,160.0,7183.210306597551
UPRE2,2.0,160.0,8072.392617659299
UPRE2,5.0,160.0,7791.215351812366
UPRE2,0.0,170.0,4003.0907644904887
UPRE2,0.1,170.0,4098.4145658263305
UPRE2,0.2,170.0,4521.776965813663
UPRE2,0.5,170.0,5413.485619882248
UPRE2,1.0,170.0,7367.27202131978
UPRE2,2.0,170.0,8454.311848402353
UPRE2,5.0,170.0,8276.286460075484
UPRE2,0.0,180.0,4016.7380545269843
UPRE2,0.1,180.0,4087.8981105255393
UPRE2,0.2,180.0,4527.028168700949
UPRE2,0.5,180.0,5414.957975362043
UPRE2,1.0,180.0,7349.754897442205
UPRE2,2.0,180.0,8660.985736407678
UPRE2,5.0,180.0,8479.216398524128
UPRE2,0.0,190.0,4109.052047147893
UPRE2,0.1,190.0,4216.194509108486
UPRE2,0.2,190.0,4668.227175543197
UPRE2,0.5,190.0,5474.318286678204
UPRE2,1.0,190.0,7516.327510666627
UPRE2,2.0,190.0,8898.819283565608
UPRE2,5.0,190.0,8801.43645962737
UPRE2,0.0,200.0,4192.169287315817
UPRE2,0.1,200.0,4291.373287282034
UPRE2,0.2,200.0,4751.721558753065
UPRE2,0.5,200.0,5630.405109592592
UPRE2,1.0,200.0,7640.346122659252
UPRE2,2.0,200.0,9126.500953172612
UPRE2,5.0,200.0,9061.535507104994
UPRE2,0.0,210.0,4270.601685533728
UPRE2,0.1,210.0,4372.650600608358
UPRE2,0.2,210.0,4874.829738831812
UPRE2,0.5,210.0,5710.722508360271
UPRE2,1.0,210.0,7695.002100685876
UPRE2,2.0,210.0,9356.907296340389
UPRE2,5.0,210.0,9352.491132611774
UPRE2,0.0,220.0,4388.119277732424
UPRE2,0.1,220.0,4503.917731131982
UPRE2,0.2,220.0,4970.373368833948
UPRE2,0.5,220.0,5785.210163153435
UPRE2,1.0,220.0,7745.6251549861045
UPRE2,2.0,220.0,9510.544382197017
UPRE2,5.0,220.0,9626.743398896815
UPRE2,0.0,230.0,4483.292685045519
UPRE2,0.1,230.0,4619.993673510103
UPRE2,0.2,230.0,5043.6112487441
UPRE2,0.5,230.0,5832.996716386595
UPRE2,1.0,230.0,7820.236840255816
UPRE2,2.0,230.0,9616.606112141826
UPRE2,5.0,230.0,9773.226566291443
UPRE2,0.0,240.0,4606.609406952965
UPRE2,0.1,240.0,4770.188179409884
UPRE2,0.2,240.0,5221.303557932754
UPRE2,0.5,240.0,5940.1865881032545
UPRE2,1.0,240.0,7909.055048095822
UPRE2,2.0,240.0,9798.28025602429
UPRE2,5.0,240.0,10059.298245614036
NativeYap1,0.0,0.0,315.85638221841054
NativeYap1,0.1,0.0,495.22942145892966
NativeYap1,0.2,0.0,307.2689888727625
NativeYap1,0.5,0.0,345.3164333800726
NativeYap1,1.0,0.0,240.72925282602705
NativeYap1,2.0,0.0,-174.66910484151867
NativeYap1,4.0,0.0,-144.83332298393773
NativeYap1,0.0,10.0,372.09074116832136
NativeYap1,0.1,10.0,653.8087193267176
NativeYap1,0.2,10.0,503.59195402298855
NativeYap1,0.5,10.0,596.3363796697131
NativeYap1,1.0,10.0,248.74561849841703
NativeYap1,2.0,10.0,-69.61469262846383
NativeYap1,4.0,10.0,-81.2458421242706
NativeYap1,0.0,20.0,431.2354312354312
NativeYap1,0.1,20.0,665.0588462280531
NativeYap1,0.2,20.0,649.2831541218638
NativeYap1,0.5,20.0,652.7781539971046
NativeYap1,1.0,20.0,246.157224418094
NativeYap1,2.0,20.0,-383.5541474654378
NativeYap1,4.0,20.0,-248.27789509147456
NativeYap1,0.0,30.0,677.151463234411
NativeYap1,0.1,30.0,970.4819843359201
NativeYap1,0.2,30.0,969.2397794379367
NativeYap1,0.5,30.0,980.4733859778789
NativeYap1,1.0,30.0,389.6679966767576
NativeYap1,2.0,30.0,-190.47659214699888
NativeYap1,4.0,30.0,-264.82412538414593
NativeYap1,0.0,40.0,1001.767808497073
NativeYap1,0.1,40.0,1105.1606947624648
NativeYap1,0.2,40.0,1140.7556240750566
NativeYap1,0.5,40.0,1105.0067819361136
NativeYap1,1.0,40.0,648.8418130749031
NativeYap1,2.0,40.0,-75.34565108094519
NativeYap1,4.0,40.0,-274.2478024736089
NativeYap1,0.0,50.0,897.7312973419002
NativeYap1,0.1,50.0,1387.8406708595387
NativeYap1,0.2,50.0,1200.4263506059108
NativeYap1,0.5,50.0,1110.3035808918162
NativeYap1,1.0,50.0,571.9285814579968
NativeYap1,2.0,50.0,-152.1892184508098
NativeYap1,4.0,50.0,-464.55331188676047
NativeYap1,0.0,60.0,990.5456349206348
NativeYap1,0.1,60.0,1427.0803254599239
NativeYap1,0.2,60.0,1529.3942470572908
NativeYap1,0.5,60.0,1316.0959642881724
NativeYap1,1.0,60.0,750.534188034188
NativeYap1,2.0,60.0,-173.82508558979146
NativeYap1,4.0,60.0,-424.96638447423857
NativeYap1,0.0,70.0,1046.9659049048576
NativeYap1,0.1,70.0,1478.103618360603
NativeYap1,0.2,70.0,1637.285923546033
NativeYap1,0.5,70.0,1466.604310626729
NativeYap1,1.0,70.0,1030.0269070139818
NativeYap1,2.0,70.0,-165.589325859099
NativeYap1,4.0,70.0,-358.3388702023012
NativeYap1,0.0,80.0,942.3192861879785
NativeYap1,0.1,80.0,1506.860038110038
NativeYap1,0.2,80.0,1603.6282462428471
NativeYap1,0.5,80.0,1608.1278227673386
NativeYap1,1.0,80.0,898.2211524287262
NativeYap1,2.0,80.0,-378.4936839749674
NativeYap1,4.0,80.0,-694.3224689220114
NativeYap1,0.0,90.0,1078.020878020878
NativeYap1,0.1,90.0,2032.080200501253
NativeYap1,0.2,90.0,1900.2497225305215
NativeYap1,0.5,90.0,2445.7765414072633
NativeYap1,1.0,90.0,1071.5638493437646
NativeYap1,2.0,90.0,-341.36937941285777
NativeYap1,4.0,90.0,-444.5468509984639
NativeYap1,0.0,100.0,1075.5059449712937
NativeYap1,0.1,100.0,2190.190476190476
NativeYap1,0.2,100.0,2517.2384219554033
NativeYap1,0.5,100.0,2563.893248665051
NativeYap1,1.0,100.0,1352.8030814215026
NativeYap1,2.0,100.0,-374.993524993525
NativeYap1,4.0,100.0,-519.8899146600679
NativeYap1,0.0,110.0,1105.6012448561548
NativeYap1,0.1,110.0,1968.1943848610515
NativeYap1,0.2,110.0,2291.8062751635807
NativeYap1,0.5,110.0,2959.476721612222
NativeYap1,1.0,110.0,1654.6575787082118
NativeYap1,2.0,110.0,-321.3677741491158
NativeYap1,4.0,110.0,-523.5803200518866
NativeYap1,0.0,120.0,1094.1446613088403
NativeYap1,0.1,120.0,1893.136208358256
NativeYap1,0.2,120.0,2075.3533534124686
NativeYap1,0.5,120.0,3341.1572558531357
NativeYap1,1.0,120.0,1538.1975330605467
NativeYap1,2.0,120.0,-417.3737139108268
NativeYap1,4.0,120.0,-481.3192407370489
NativeYap1,0.0,130.0,1151.101770402023
NativeYap1,0.1,130.0,1961.020818291311
NativeYap1,0.2,130.0,2225.106367438824
NativeYap1,0.5,130.0,2929.4934699479168
NativeYap1,1.0,130.0,1700.430433763767
NativeYap1,2.0,130.0,-341.6993464052288
NativeYap1,4.0,130.0,-542.9453773402819
NativeYap1,0.0,140.0,1313.362799840287
NativeYap1,0.1,140.0,1926.9414777893787
NativeYap1,0.2,140.0,2311.5444375874335
NativeYap1,0.5,140.0,3375.345208860637
NativeYap1,1.0,140.0,1855.0142804496038
NativeYap1,2.0,140.0,-443.44384707287935
NativeYap1,4.0,140.0,-416.421486954001
NativeYap1,0.0,150.0,1359.265350877193
NativeYap1,0.1,150.0,1932.5785542700398
NativeYap1,0.2,150.0,2284.2099462743604
NativeYap1,0.5,150.0,2847.3261030824265
NativeYap1,1.0,150.0,2102.4899540757747
NativeYap1,2.0,150.0,-526.0507209326107
NativeYap1,4.0,150.0,-570.0678675507052
NativeYap1,0.0,160.0,1374.78573812555
NativeYap1,0.1,160.0,2042.1641154178153
NativeYap1,0.2,160.0,2362.2156189580833
NativeYap1,0.5,160.0,3052.446256486286
NativeYap1,1.0,160.0,2129.8416458305915
NativeYap1,2.0,160.0,-537.6730402305849
NativeYap1,4.0,160.0,-562.6836022931684
NativeYap1,0.0,170.0,1466.4757857105149
NativeYap1,0.1,170.0,2135.83599108143
NativeYap1,0.2,170.0,2457.36193510136
NativeYap1,0.5,170.0,3351.772073325005
NativeYap1,1.0,170.0,2275.7521514629952
NativeYap1,2.0,170.0,-542.4477613353405
NativeYap1,4.0,170.0,-583.7303151762053
NativeYap1,0.0,180.0,1457.7441873970881
NativeYap1,0.1,180.0,2151.229171602306
NativeYap1,0.2,180.0,2296.5681617636596
NativeYap1,0.5,180.0,3146.039055129284
NativeYap1,1.0,180.0,2341.7183069830276
NativeYap1,2.0,180.0,-605.8441253753754
NativeYap1,4.0,180.0,-699.3924252948251
NativeYap1,0.0,190.0,1515.7915245080628
NativeYap1,0.1,190.0,2204.971823943701
NativeYap1,0.2,190.0,2383.58909401095
NativeYap1,0.5,190.0,3137.3240641948537
NativeYap1,1.0,190.0,2490.7553561582954
NativeYap1,2.0,190.0,-536.962860686621
NativeYap1,4.0,190.0,-545.0626153163093
NativeYap1,0.0,200.0,1621.2912611225536
NativeYap1,0.1,200.0,2239.605842635874
NativeYap1,0.2,200.0,2450.865885957828
NativeYap1,0.5,200.0,3117.649424844547
NativeYap1,1.0,200.0,2659.343392548793
NativeYap1,2.0,200.0,-576.9083385914037
NativeYap1,4.0,200.0,-590.2475443876718
NativeYap1,0.0,210.0,1631.3260927926704
NativeYap1,0.1,210.0,2277.342897337703
NativeYap1,0.2,210.0,2488.829987364657
NativeYap1,0.5,210.0,3264.2636028462803
NativeYap1,1.0,210.0,2650.7294223679655
NativeYap1,2.0,210.0,-566.2542437953884
NativeYap1,4.0,210.0,-617.3975341868598
NativeYap1,0.0,220.0,1685.8070703356243
NativeYap1,0.1,220.0,2306.6512757702058
NativeYap1,0.2,220.0,2478.3419986437457
NativeYap1,0.5,220.0,3338.7578860069784
NativeYap1,1.0,220.0,2962.0316231466004
NativeYap1,2.0,220.0,-570.6910612346204
NativeYap1,4.0,220.0,-627.3633620961232
NativeYap1,0.0,230.0,1721.0128175918428
NativeYap1,0.1,230.0,2274.1498273677134
NativeYap1,0.2,230.0,2486.1974979949277
NativeYap1,0.5,230.0,3342.939670102711
NativeYap1,1.0,230.0,2982.4661084529507
NativeYap1,2.0,230.0,-643.0148968382897
NativeYap1,4.0,230.0,-772.3671890400159
NativeYap1,0.0,240.0,1810.5659557063263
NativeYap1,0.1,240.0,2349.489884097485
NativeYap1,0.2,240.0,2521.1187186551942
NativeYap1,0.5,240.0,3438.0501836833714
NativeYap1,1.0,240.0,3396.828591876901
NativeYap1,2.0,240.0,-574.5442971589337
NativeYap1,4.0,240.0,-697.4941657814014
AlteredYap1,0.0,0.0,644.442517773539
AlteredYap1,0.1,0.0,602.3924495171202
AlteredYap1,0.2,0.0,650.1682015937625
AlteredYap1,0.5,0.0,631.2793319122433
AlteredYap1,1.0,0.0,500.6503390065034
AlteredYap1,2.0,0.0,166.03535353535352
AlteredYap1,4.0,0.0,277.1723211533223
AlteredYap1,0.0,10.0,724.0635287246469
AlteredYap1,0.1,10.0,662.9223744292236
AlteredYap1,0.2,10.0,794.6592254354811
AlteredYap1,0.5,10.0,762.2497238331953
AlteredYap1,1.0,10.0,555.6551910598413
AlteredYap1,2.0,10.0,175.72150942182773
AlteredYap1,4.0,10.0,133.84847703827066
AlteredYap1,0.0,20.0,717.320470227447
AlteredYap1,0.1,20.0,781.6077441077441
AlteredYap1,0.2,20.0,831.483960533492
AlteredYap1,0.5,20.0,826.4547042379799
AlteredYap1,1.0,20.0,614.6378418329638
AlteredYap1,2.0,20.0,-4.4313925475231555
AlteredYap1,4.0,20.0,-31.838609280425818
AlteredYap1,0.0,30.0,919.2889893850888
AlteredYap1,0.1,30.0,1090.6652767750822
AlteredYap1,0.2,30.0,1092.5492927581097
AlteredYap1,0.5,30.0,1099.1296342487658
AlteredYap1,1.0,30.0,749.7987940570838
AlteredYap1,2.0,30.0,-22.015823873409
AlteredYap1,4.0,30.0,8.502605037644841
AlteredYap1,0.0,40.0,1044.9890611180933
AlteredYap1,0.1,40.0,1191.8917435221783
AlteredYap1,0.2,40.0,1258.453158643845
AlteredYap1,0.5,40.0,1256.8322370007952
AlteredYap1,1.0,40.0,961.7418105840783
AlteredYap1,2.0,40.0,46.648968945751015
AlteredYap1,4.0,40.0,-46.73220043150468
AlteredYap1,0.0,50.0,1022.4762524662856
AlteredYap1,0.1,50.0,1206.504543376581
AlteredYap1,0.2,50.0,1462.0945793099283
AlteredYap1,0.5,50.0,1424.599093595376
AlteredYap1,1.0,50.0,762.5356300786676
AlteredYap1,2.0,50.0,-91.46525869178127
AlteredYap1,4.0,50.0,-157.56059793937226
AlteredYap1,0.0,60.0,1000.102678045414
AlteredYap1,0.1,60.0,1312.715691017578
AlteredYap1,0.2,60.0,1609.5874721564905
AlteredYap1,0.5,60.0,1512.9401865190146
AlteredYap1,1.0,60.0,937.9863019580899
AlteredYap1,2.0,60.0,-109.3717750257998
AlteredYap1,4.0,60.0,-168.87432353371364
AlteredYap1,0.0,70.0,1112.911668487437
AlteredYap1,0.1,70.0,1480.0037960657255
AlteredYap1,0.2,70.0,1739.1985380135939
AlteredYap1,0.5,70.0,1619.619039148625
AlteredYap1,1.0,70.0,1251.0765065853375
AlteredYap1,2.0,70.0,-54.13658329413016
AlteredYap1,4.0,70.0,-92.97732385942783
AlteredYap1,0.0,80.0,896.526030486967
AlteredYap1,0.1,80.0,1618.76527166911
AlteredYap1,0.2,80.0,1642.997817392926
AlteredYap1,0.5,80.0,1679.9022212943107
AlteredYap1,1.0,80.0,1412.9151334340013
AlteredYap1,2.0,80.0,-293.6389124798677
AlteredYap1,4.0,80.0,-330.6944444444445
AlteredYap1,0.0,90.0,1010.2684563758389
AlteredYap1,0.1,90.0,1479.5028141047135
AlteredYap1,0.2,90.0,1786.5017313848903
AlteredYap1,0.5,90.0,1919.2650111785372
AlteredYap1,1.0,90.0,1641.464867170461
AlteredYap1,2.0,90.0,-153.19715063901108
AlteredYap1,4.0,90.0,-267.1009015836602
AlteredYap1,0.0,100.0,1118.6963736153418
AlteredYap1,0.1,100.0,1534.3351036294923
AlteredYap1,0.2,100.0,1879.1989720232714
AlteredYap1,0.5,100.0,2051.500741795767
AlteredYap1,1.0,100.0,1740.6317172859542
AlteredYap1,2.0,100.0,-179.8777764033207
AlteredYap1,4.0,100.0,-216.98172096200506
AlteredYap1,0.0,110.0,1119.7814394262784
AlteredYap1,0.1,110.0,1529.4149986621796
AlteredYap1,0.2,110.0,1853.6227605053518
AlteredYap1,0.5,110.0,2127.3198984671913
AlteredYap1,1.0,110.0,1974.030099185291
AlteredYap1,2.0,110.0,-330.3402226793352
AlteredYap1,4.0,110.0,-304.8526046574236
AlteredYap1,0.0,120.0,1075.5267514690668
AlteredYap1,0.1,120.0,1614.9410646303968
AlteredYap1,0.2,120.0,1943.9109949676804
AlteredYap1,0.5,120.0,2159.7316704459563
AlteredYap1,1.0,120.0,2055.956290562202
AlteredYap1,2.0,120.0,-358.32050996028096
AlteredYap1,4.0,120.0,-314.0948916108755
AlteredYap1,0.0,130.0,1194.9410103890468
AlteredYap1,0.1,130.0,1663.7885749560737
AlteredYap1,0.2,130.0,1946.7759269284663
AlteredYap1,0.5,130.0,2238.6422132211796
AlteredYap1,1.0,130.0,2240.4469210134043
AlteredYap1,2.0,130.0,-394.9686604777003
AlteredYap1,4.0,130.0,-325.789189631875
AlteredYap1,0.0,140.0,1287.3462239694475
AlteredYap1,0.1,140.0,1752.5403587218143
AlteredYap1,0.2,140.0,2058.3241921477215
AlteredYap1,0.5,140.0,2313.201294074625
AlteredYap1,1.0,140.0,2409.3556781525313
AlteredYap1,2.0,140.0,-306.51936480858006
AlteredYap1,4.0,140.0,-227.8673382642287
AlteredYap1,0.0,150.0,1375.3269919137754
AlteredYap1,0.1,150.0,1815.5034019655802
AlteredYap1,0.2,150.0,2107.690050350601
AlteredYap1,0.5,150.0,2336.126255683192
AlteredYap1,1.0,150.0,2569.250584753247
AlteredYap1,2.0,150.0,-297.2274057179718
AlteredYap1,4.0,150.0,-224.82622110545572
AlteredYap1,0.0,160.0,1372.5005364415017
AlteredYap1,0.1,160.0,1876.6240606827425
AlteredYap1,0.2,160.0,2219.6150361458
AlteredYap1,0.5,160.0,2554.1153887378564
AlteredYap1,1.0,160.0,3234.4660256164684
AlteredYap1,2.0,160.0,-383.2875920843565
AlteredYap1,4.0,160.0,-314.63883902908293
AlteredYap1,0.0,170.0,1410.5637610379363
AlteredYap1,0.1,170.0,1883.9417272236653
AlteredYap1,0.2,170.0,2254.5393293067686
AlteredYap1,0.5,170.0,2645.383563942252
AlteredYap1,1.0,170.0,3224.0568132584776
AlteredYap1,2.0,170.0,-339.0878786080282
AlteredYap1,4.0,170.0,-260.1222444654138
AlteredYap1,0.0,180.0,1409.5922212010225
AlteredYap1,0.1,180.0,1810.345881680684
AlteredYap1,0.2,180.0,2218.8886957221216
AlteredYap1,0.5,180.0,2678.04614817656
AlteredYap1,1.0,180.0,3166.5941745429736
AlteredYap1,2.0,180.0,-470.30272931502446
AlteredYap1,4.0,180.0,-404.903685172405
AlteredYap1,0.0,190.0,1470.9352700074353
AlteredYap1,0.1,190.0,1889.4762118348597
AlteredYap1,0.2,190.0,2246.195837922398
AlteredYap1,0.5,190.0,2779.3577127563553
AlteredYap1,1.0,190.0,2951.2676721012917
AlteredYap1,2.0,190.0,-451.601370273615
AlteredYap1,4.0,190.0,-310.44545531324655
AlteredYap1,0.0,200.0,1523.1272326484998
AlteredYap1,0.1,200.0,1938.581798914971
AlteredYap1,0.2,200.0,2245.593798772015
AlteredYap1,0.5,200.0,2775.7944930879494
AlteredYap1,1.0,200.0,3393.8655884470077
AlteredYap1,2.0,200.0,-396.1268595712855
AlteredYap1,4.0,200.0,-331.8517731106974
AlteredYap1,0.0,210.0,1584.3700009220618
AlteredYap1,0.1,210.0,1936.8188111820516
AlteredYap1,0.2,210.0,2261.170146527255
AlteredYap1,0.5,210.0,2775.43348294584
AlteredYap1,1.0,210.0,3366.18305811488
AlteredYap1,2.0,210.0,-493.51605391151776
AlteredYap1,4.0,210.0,-376.0584765660908
AlteredYap1,0.0,220.0,1615.2742968880023
AlteredYap1,0.1,220.0,1946.150500138756
AlteredYap1,0.2,220.0,2255.7253567493462
AlteredYap1,0.5,220.0,2795.9042300883716
AlteredYap1,1.0,220.0,3676.1432776192923
AlteredYap1,2.0,220.0,-532.3642926839191
AlteredYap1,4.0,220.0,-380.66563166789456
AlteredYap1,0.0,230.0,1640.9497599314745
AlteredYap1,0.1,230.0,1956.5980607533668
AlteredYap1,0.2,230.0,2230.625444522427
AlteredYap1,0.5,230.0,2714.4940895218983
AlteredYap1,1.0,230.0,3555.380463752665
AlteredYap1,2.0,230.0,-529.0489694976281
AlteredYap1,4.0,230.0,-380.16795865633077
AlteredYap1,0.0,240.0,1720.0038544824222
AlteredYap1,0.1,240.0,2000.2024312891654
AlteredYap1,0.2,240.0,2259.274969621522
AlteredYap1,0.5,240.0,2786.73590914303
AlteredYap1,1.0,240.0,3791.7248089774816
AlteredYap1,2.0,240.0,-446.12929956771796
AlteredYap1,4.0,240.0,-365.1384331523154
