elapsed_hms,temperature_c,A1,A2,A3,B1,B2,B3,C1,C2,C3,D1,D2,D3,E1,E2,E3,A4,A5,A6,B4,B5,B6,C4,C5,C6,D4,D5,D6,E4,E5,E6,A7,A8,A9,B7,B8,B9,C7,C8,C9,D7,D8,D9,E7,E8,E9,A10,A11,A12,B10,B11,B12,C10,C11,C12,D10,D11,D12,E10,E11,E12,F1,F2,F3,F4,F5,G1,G2,G3,G4,G5,H1,H2,H3,H4,H5,F6,F7,F8,F9,F10,G6,G7,G8,G9,G10,H6,H7,H8,H9,H10,F11,G11,H11
0:08:15,30.0,5579.0,4549.0,5985.0,4098.0,4297.0,4272.0,3897.0,4442.0,4269.0,3413.0,3697.0,3480.0,2353.0,2363.0,2424.0,5043.0,5373.0,5649.0,4729.0,4817.0,4589.0,4162.0,4393.0,4499.0,3722.0,3959.0,4132.0,2329.0,2534.0,2376.0,5263.0,4549.0,5098.0,3805.0,3870.0,3724.0,3817.0,3425.0,3503.0,3207.0,2918.0,3216.0,1986.0,2102.0,1964.0,5004.0,4224.0,5230.0,3949.0,4064.0,4019.0,3386.0,3580.0,3698.0,3177.0,3157.0,3464.0,1925.0,2092.0,2109.0,3982.0,4213.0,4255.0,3605.0,2160.0,4870.0,4254.0,4210.0,3413.0,2161.0,5535.0,4256.0,4438.0,3761.0,2319.0,4061.0,4514.0,4673.0,3698.0,2337.0,5289.0,4776.0,4643.0,3932.0,2490.0,5999.0,4792.0,4621.0,3868.0,2579.0,259.0,257.0,261.0
0:18:15,30.1,5931.0,4449.0,6381.0,4118.0,4382.0,4328.0,3957.0,4506.0,4343.0,3474.0,3720.0,3506.0,2351.0,2359.0,2429.0,5480.0,5799.0,6071.0,4780.0,4869.0,4644.0,4191.0,4495.0,4589.0,3761.0,3983.0,4128.0,2287.0,2474.0,2348.0,5544.0,4735.0,5323.0,3832.0,3895.0,3775.0,3854.0,3444.0,3540.0,3201.0,2946.0,3220.0,1946.0,2070.0,1955.0,5410.0,4643.0,5709.0,4042.0,4095.0,4053.0,3408.0,3626.0,3715.0,3188.0,3182.0,3525.0,1895.0,2077.0,2124.0,4219.0,4298.0,4329.0,3640.0,2139.0,4990.0,4299.0,4263.0,3493.0,2142.0,6079.0,4315.0,4511.0,3796.0,2290.0,4271.0,4399.0,4736.0,3725.0,2308.0,5683.0,4853.0,4744.0,3955.0,2474.0,6584.0,4833.0,4724.0,3874.0,2549.0,258.0,260.0,263.0
0:28:15,30.1,6346.0,4505.0,6917.0,4192.0,4445.0,4374.0,3992.0,4571.0,4389.0,3455.0,3773.0,3556.0,2339.0,2330.0,2421.0,5833.0,6235.0,6377.0,4861.0,4907.0,4734.0,4239.0,4475.0,4620.0,3798.0,3979.0,4174.0,2237.0,2462.0,2315.0,5754.0,4897.0,5658.0,3852.0,3998.0,3822.0,3913.0,3478.0,3584.0,3238.0,2955.0,3231.0,1929.0,2045.0,1893.0,5811.0,5101.0,5988.0,4013.0,4174.0,4139.0,3459.0,3694.0,3766.0,3221.0,3226.0,3539.0,1888.0,2029.0,2051.0,4468.0,4316.0,4366.0,3730.0,2119.0,5205.0,4365.0,4281.0,3498.0,2135.0,6684.0,4354.0,4575.0,3849.0,2285.0,4520.0,4468.0,4804.0,3766.0,2275.0,6170.0,4953.0,4836.0,4032.0,2448.0,6978.0,4800.0,4772.0,3970.0,2530.0,260.0,252.0,258.0
0:38:15,30.1,6690.0,4757.0,7528.0,4290.0,4500.0,4463.0,4053.0,4634.0,4489.0,3543.0,3796.0,3561.0,2319.0,2310.0,2390.0,6269.0,6534.0,6755.0,4909.0,4972.0,4764.0,4298.0,4525.0,4700.0,3841.0,4068.0,4209.0,2194.0,2419.0,2257.0,6053.0,5076.0,6030.0,3941.0,3995.0,3899.0,3953.0,3510.0,3650.0,3272.0,2975.0,3302.0,1887.0,2007.0,1880.0,6237.0,5592.0,6205.0,4105.0,4182.0,4167.0,3467.0,3709.0,3817.0,3272.0,3251.0,3580.0,1833.0,2014.0,2021.0,4790.0,4405.0,4425.0,3766.0,2087.0,5156.0,4397.0,4328.0,3547.0,2107.0,7117.0,4378.0,4646.0,3857.0,2257.0,4798.0,4398.0,4895.0,3791.0,2279.0,6714.0,4947.0,4928.0,4057.0,2454.0,7485.0,4917.0,4835.0,3986.0,2525.0,256.0,256.0,262.0
0:48:15,30.0,7038.0,5119.0,7891.0,4359.0,4592.0,4522.0,4119.0,4689.0,4537.0,3579.0,3870.0,3676.0,2293.0,2323.0,2404.0,6694.0,7037.0,7181.0,4953.0,5047.0,4833.0,4333.0,4583.0,4762.0,3886.0,4130.0,4289.0,2172.0,2382.0,2233.0,6308.0,5238.0,6370.0,3959.0,4073.0,3942.0,3991.0,3572.0,3651.0,3308.0,3008.0,3337.0,1857.0,1976.0,1851.0,6641.0,6079.0,6580.0,4159.0,4251.0,4216.0,3512.0,3791.0,3884.0,3302.0,3309.0,3617.0,1792.0,1987.0,1994.0,5135.0,4425.0,4504.0,3835.0,2062.0,5309.0,4490.0,4458.0,3575.0,2098.0,7629.0,4454.0,4680.0,3931.0,2228.0,5138.0,4425.0,4944.0,3851.0,2258.0,7257.0,5028.0,4956.0,4121.0,2419.0,8085.0,4955.0,4870.0,4071.0,2507.0,252.0,253.0,264.0
0:58:15,30.1,7514.0,5500.0,8364.0,4431.0,4684.0,4583.0,4183.0,4789.0,4639.0,3624.0,3885.0,3697.0,2303.0,2277.0,2364.0,7151.0,7496.0,7715.0,5057.0,5159.0,4865.0,4385.0,4656.0,4848.0,3889.0,4176.0,4370.0,2159.0,2345.0,2196.0,6709.0,5516.0,6824.0,3996.0,4109.0,3971.0,4086.0,3602.0,3767.0,3346.0,3060.0,3368.0,1821.0,1955.0,1836.0,7113.0,6641.0,6897.0,4205.0,4305.0,4299.0,3572.0,3839.0,3936.0,3334.0,3317.0,3653.0,1805.0,1938.0,1970.0,5565.0,4541.0,4586.0,3837.0,2049.0,5620.0,4512.0,4500.0,3647.0,2073.0,8070.0,4510.0,4762.0,4003.0,2222.0,5443.0,4356.0,5032.0,3938.0,2251.0,7983.0,5073.0,5077.0,4177.0,2390.0,8630.0,4992.0,4996.0,4102.0,2527.0,247.0,258.0,253.0
1:08:15,30.0,8156.0,5680.0,8865.0,4496.0,4764.0,4668.0,4268.0,4884.0,4679.0,3640.0,3965.0,3754.0,2295.0,2282.0,2350.0,7692.0,8043.0,8175.0,5118.0,5245.0,4982.0,4484.0,4785.0,4920.0,3933.0,4197.0,4377.0,2095.0,2339.0,2179.0,7123.0,5730.0,7193.0,4080.0,4167.0,4032.0,4134.0,3689.0,3782.0,3380.0,3053.0,3427.0,1822.0,1926.0,1815.0,7540.0,7172.0,7221.0,4275.0,4381.0,4330.0,3607.0,3915.0,3974.0,3419.0,3357.0,3721.0,1803.0,1897.0,1976.0,5979.0,4601.0,4641.0,3936.0,2027.0,5717.0,4589.0,4603.0,3668.0,2077.0,8556.0,4532.0,4850.0,4007.0,2184.0,5875.0,4322.0,5143.0,3959.0,2254.0,8765.0,5141.0,5164.0,4275.0,2415.0,9358.0,5078.0,5042.0,4189.0,2513.0,242.0,250.0,258.0
1:18:15,30.0,8764.0,5987.0,9334.0,4589.0,4831.0,4734.0,4321.0,4957.0,4795.0,3729.0,4043.0,3796.0,2275.0,2293.0,2343.0,8314.0,8614.0,8772.0,5222.0,5325.0,5068.0,4537.0,4820.0,4980.0,3994.0,4244.0,4445.0,2092.0,2307.0,2151.0,7517.0,6042.0,7659.0,4118.0,4230.0,4086.0,4191.0,3722.0,3844.0,3428.0,3118.0,3471.0,1776.0,1905.0,1788.0,8016.0,7794.0,7619.0,4345.0,4466.0,4422.0,3671.0,3953.0,4043.0,3411.0,3406.0,3771.0,1744.0,1901.0,1938.0,6513.0,4616.0,4724.0,3945.0,1999.0,6008.0,4655.0,4664.0,3734.0,2045.0,8948.0,4631.0,4980.0,4114.0,2202.0,6312.0,4163.0,5230.0,3991.0,2229.0,9505.0,5214.0,5249.0,4316.0,2402.0,9994.0,5156.0,5154.0,4231.0,2488.0,255.0,255.0,259.0
1:28:15,30.0,9428.0,6307.0,9922.0,4665.0,4931.0,4801.0,4382.0,5068.0,4853.0,3786.0,4106.0,3868.0,2278.0,2298.0,2346.0,8973.0,9281.0,9279.0,5323.0,5364.0,5091.0,4601.0,4870.0,5087.0,4038.0,4314.0,4513.0,2048.0,2314.0,2114.0,7986.0,6393.0,8105.0,4188.0,4340.0,4143.0,4261.0,3770.0,3904.0,3456.0,3187.0,3527.0,1757.0,1877.0,1747.0,8607.0,8443.0,8035.0,4388.0,4509.0,4458.0,3709.0,4029.0,4106.0,3497.0,3477.0,3831.0,1733.0,1880.0,1933.0,7012.0,4660.0,4816.0,4034.0,1985.0,6205.0,4690.0,4679.0,3789.0,2033.0,9347.0,4668.0,5035.0,4106.0,2179.0,6843.0,4241.0,5333.0,4066.0,2209.0,10284.0,5259.0,5351.0,4415.0,2393.0,10634.0,5181.0,5217.0,4282.0,2464.0,253.0,258.0,260.0
1:38:15,30.0,10181.0,6606.0,10553.0,4731.0,4974.0,4880.0,4442.0,5141.0,4915.0,3826.0,4133.0,3902.0,2287.0,2263.0,2360.0,9725.0,9844.0,9978.0,5422.0,5482.0,5198.0,4652.0,4956.0,5200.0,4092.0,4382.0,4565.0,2019.0,2281.0,2092.0,8364.0,6763.0,8609.0,4250.0,4337.0,4200.0,4330.0,3815.0,3961.0,3495.0,3212.0,3546.0,1729.0,1866.0,1752.0,9064.0,9057.0,8460.0,4456.0,4551.0,4509.0,3768.0,4066.0,4146.0,3558.0,3522.0,3886.0,1714.0,1873.0,1877.0,7605.0,4727.0,4879.0,4084.0,1959.0,6273.0,4744.0,4761.0,3838.0,2031.0,9850.0,4753.0,5109.0,4205.0,2154.0,7304.0,4275.0,5385.0,4135.0,2199.0,10970.0,5343.0,5380.0,4404.0,2397.0,11204.0,5244.0,5342.0,4343.0,2468.0,248.0,257.0,272.0
1:48:15,30.0,11134.0,6889.0,11121.0,4776.0,5094.0,4890.0,4512.0,5177.0,4985.0,3881.0,4173.0,3977.0,2246.0,2257.0,2340.0,10249.0,10406.0,10581.0,5420.0,5496.0,5259.0,4741.0,5010.0,5218.0,4104.0,4378.0,4610.0,2006.0,2240.0,2050.0,8884.0,7143.0,9048.0,4249.0,4425.0,4220.0,4373.0,3868.0,4031.0,3529.0,3235.0,3564.0,1697.0,1851.0,1714.0,9542.0,9517.0,8860.0,4487.0,4593.0,4538.0,3780.0,4102.0,4205.0,3566.0,3543.0,3962.0,1684.0,1835.0,1870.0,8151.0,4738.0,4917.0,4107.0,1926.0,6406.0,4773.0,4839.0,3852.0,1989.0,10127.0,4742.0,5097.0,4270.0,2141.0,7878.0,4353.0,5503.0,4184.0,2191.0,11731.0,5370.0,5417.0,4531.0,2375.0,11914.0,5281.0,5416.0,4399.0,2432.0,252.0,259.0,265.0
1:58:15,30.1,11921.0,7267.0,11723.0,4860.0,5111.0,4988.0,4553.0,5240.0,5029.0,3919.0,4241.0,3986.0,2248.0,2245.0,2317.0,10900.0,11116.0,11070.0,5524.0,5534.0,5289.0,4747.0,5011.0,5229.0,4128.0,4447.0,4689.0,1979.0,2244.0,2037.0,9334.0,7502.0,9492.0,4298.0,4437.0,4256.0,4423.0,3923.0,4040.0,3566.0,3200.0,3587.0,1701.0,1793.0,1705.0,10116.0,10076.0,9376.0,4530.0,4615.0,4601.0,3844.0,4147.0,4215.0,3605.0,3584.0,3942.0,1665.0,1793.0,1821.0,8660.0,4737.0,4956.0,4130.0,1889.0,6602.0,4804.0,4884.0,3910.0,1971.0,10568.0,4762.0,5190.0,4288.0,2108.0,8422.0,4358.0,5495.0,4175.0,2172.0,12378.0,5458.0,5526.0,4505.0,2349.0,12608.0,5251.0,5440.0,4431.0,2439.0,252.0,256.0,255.0
2:08:15,30.1,12357.0,7819.0,12415.0,4854.0,5200.0,4994.0,4561.0,5275.0,5019.0,3957.0,4271.0,4032.0,2224.0,2232.0,2298.0,11498.0,11726.0,11720.0,5540.0,5636.0,5320.0,4792.0,5079.0,5262.0,4162.0,4470.0,4675.0,1932.0,2186.0,2016.0,9692.0,7854.0,9982.0,4344.0,4471.0,4282.0,4431.0,3891.0,4089.0,3586.0,3159.0,3665.0,1655.0,1765.0,1674.0,10585.0,10643.0,9761.0,4567.0,4648.0,4614.0,3887.0,4168.0,4255.0,3605.0,3581.0,3951.0,1640.0,1790.0,1779.0,9285.0,4812.0,4951.0,4170.0,1876.0,6760.0,4834.0,4912.0,3892.0,1941.0,10926.0,4798.0,5187.0,4344.0,2090.0,8966.0,4360.0,5524.0,4225.0,2130.0,13064.0,5448.0,5556.0,4561.0,2323.0,13231.0,5318.0,5500.0,4458.0,2409.0,259.0,259.0,262.0
2:18:15,30.1,12857.0,8119.0,12919.0,4902.0,5173.0,5029.0,4630.0,5354.0,5077.0,3965.0,4262.0,4032.0,2213.0,2212.0,2310.0,12024.0,12377.0,12304.0,5606.0,5633.0,5365.0,4786.0,5085.0,5278.0,4161.0,4470.0,4690.0,1914.0,2174.0,1953.0,10229.0,8255.0,10510.0,4382.0,4503.0,4334.0,4476.0,3915.0,4083.0,3585.0,3198.0,3613.0,1646.0,1746.0,1629.0,11196.0,11248.0,10202.0,4595.0,4646.0,4613.0,3891.0,4221.0,4283.0,3631.0,3618.0,3979.0,1607.0,1742.0,1791.0,9880.0,4842.0,4997.0,4193.0,1853.0,7121.0,4873.0,4944.0,3947.0,1905.0,11304.0,4812.0,5209.0,4301.0,2052.0,9546.0,4387.0,5531.0,4224.0,2113.0,13802.0,5514.0,5594.0,4584.0,2303.0,13838.0,5294.0,5518.0,4507.0,2381.0,252.0,260.0,263.0
2:28:15,30.1,13351.0,8537.0,13465.0,4918.0,5236.0,5058.0,4596.0,5332.0,5121.0,3967.0,4269.0,4082.0,2182.0,2179.0,2284.0,12521.0,13050.0,12805.0,5605.0,5655.0,5386.0,4823.0,5127.0,5337.0,4158.0,4486.0,4711.0,1877.0,2142.0,1937.0,10773.0,8662.0,10930.0,4373.0,4525.0,4396.0,4452.0,3932.0,4114.0,3597.0,3188.0,3657.0,1605.0,1720.0,1600.0,11765.0,11780.0,10687.0,4615.0,4708.0,4615.0,3880.0,4210.0,4283.0,3658.0,3591.0,4008.0,1561.0,1706.0,1740.0,10394.0,4834.0,5035.0,4197.0,1818.0,7376.0,4852.0,4965.0,3939.0,1890.0,11749.0,4789.0,5220.0,4332.0,2028.0,10225.0,4274.0,5572.0,4266.0,2087.0,14465.0,5474.0,5576.0,4590.0,2272.0,14586.0,5369.0,5522.0,4531.0,2358.0,250.0,262.0,258.0
2:38:15,30.0,14080.0,8938.0,14117.0,4963.0,5208.0,5123.0,4654.0,5359.0,5141.0,3993.0,4335.0,4099.0,2199.0,2189.0,2262.0,13176.0,13651.0,13653.0,5668.0,5723.0,5460.0,4855.0,5194.0,5350.0,4205.0,4503.0,4745.0,1846.0,2118.0,1891.0,11320.0,9139.0,11586.0,4380.0,4574.0,4413.0,4500.0,4001.0,4142.0,3627.0,3210.0,3696.0,1579.0,1687.0,1585.0,12383.0,12411.0,11114.0,4636.0,4673.0,4646.0,3883.0,4250.0,4293.0,3672.0,3624.0,4013.0,1554.0,1666.0,1709.0,11026.0,4899.0,5030.0,4232.0,1790.0,7653.0,4853.0,4964.0,3972.0,1849.0,12287.0,4879.0,5226.0,4408.0,2019.0,10922.0,4310.0,5565.0,4291.0,2076.0,15345.0,5548.0,5667.0,4660.0,2272.0,15521.0,5334.0,5579.0,4524.0,2350.0,248.0,262.0,259.0
2:48:15,30.0,14729.0,9551.0,14849.0,4969.0,5273.0,5106.0,4663.0,5431.0,5198.0,4059.0,4334.0,4138.0,2176.0,2138.0,2247.0,13984.0,14339.0,14230.0,5728.0,5801.0,5493.0,4858.0,5148.0,5385.0,4235.0,4588.0,4759.0,1836.0,2089.0,1871.0,11937.0,9608.0,12263.0,4444.0,4558.0,4442.0,4503.0,3987.0,4180.0,3668.0,3265.0,3702.0,1525.0,1665.0,1556.0,13145.0,13072.0,11794.0,4629.0,4738.0,4674.0,3920.0,4285.0,4312.0,3714.0,3656.0,4056.0,1522.0,1639.0,1702.0,11544.0,4896.0,5029.0,4252.0,1757.0,7772.0,4888.0,5015.0,4009.0,1862.0,12755.0,4933.0,5275.0,4362.0,1995.0,11609.0,4345.0,5626.0,4343.0,2047.0,16011.0,5586.0,5669.0,4641.0,2226.0,16299.0,5440.0,5586.0,4547.0,2327.0,252.0,258.0,261.0
2:58:15,30.0,15243.0,10061.0,15552.0,5040.0,5306.0,5157.0,4718.0,5435.0,5256.0,4088.0,4385.0,4173.0,2167.0,2146.0,2225.0,14574.0,14926.0,14917.0,5786.0,5830.0,5498.0,4919.0,5241.0,5414.0,4261.0,4599.0,4818.0,1776.0,2086.0,1852.0,12627.0,10113.0,12829.0,4469.0,4595.0,4498.0,4570.0,4007.0,4230.0,3674.0,3271.0,3738.0,1526.0,1666.0,1553.0,13883.0,13841.0,12358.0,4675.0,4758.0,4671.0,3928.0,4304.0,4357.0,3708.0,3654.0,4074.0,1502.0,1631.0,1658.0,12242.0,4877.0,5094.0,4289.0,1753.0,8080.0,4946.0,5031.0,4030.0,1852.0,13292.0,4943.0,5310.0,4436.0,1964.0,12306.0,4385.0,5699.0,4362.0,2026.0,16919.0,5607.0,5715.0,4697.0,2223.0,17290.0,5447.0,5655.0,4593.0,2304.0,244.0,257.0,246.0
3:08:15,30.0,15998.0,10630.0,16240.0,5043.0,5362.0,5225.0,4742.0,5496.0,5270.0,4102.0,4400.0,4192.0,2171.0,2146.0,2243.0,15347.0,15894.0,15721.0,5814.0,5867.0,5541.0,4958.0,5304.0,5494.0,4304.0,4622.0,4880.0,1787.0,2060.0,1857.0,13249.0,10666.0,13496.0,4515.0,4628.0,4531.0,4555.0,4029.0,4246.0,3706.0,3258.0,3773.0,1520.0,1618.0,1523.0,14570.0,14554.0,12875.0,4717.0,4792.0,4736.0,3996.0,4387.0,4382.0,3752.0,3727.0,4107.0,1508.0,1634.0,1637.0,12969.0,4994.0,5123.0,4311.0,1761.0,8442.0,4996.0,5047.0,4059.0,1821.0,13842.0,4912.0,5342.0,4505.0,1947.0,13276.0,4395.0,5745.0,4388.0,2005.0,17857.0,5646.0,5727.0,4740.0,2223.0,18277.0,5454.0,5691.0,4637.0,2297.0,262.0,261.0,263.0
3:18:15,30.0,16642.0,11104.0,16848.0,5098.0,5373.0,5224.0,4792.0,5556.0,5320.0,4114.0,4439.0,4239.0,2141.0,2126.0,2222.0,16185.0,16557.0,16371.0,5859.0,5892.0,5596.0,4993.0,5287.0,5469.0,4302.0,4693.0,4868.0,1742.0,2042.0,1784.0,13814.0,11161.0,14158.0,4561.0,4715.0,4570.0,4576.0,4099.0,4286.0,3699.0,3289.0,3759.0,1497.0,1613.0,1520.0,15265.0,15254.0,13482.0,4712.0,4820.0,4776.0,3984.0,4335.0,4414.0,3764.0,3738.0,4109.0,1471.0,1590.0,1611.0,13660.0,4998.0,5151.0,4344.0,1725.0,9687.0,5026.0,5094.0,4138.0,1796.0,14392.0,4947.0,5388.0,4491.0,1931.0,14080.0,4444.0,5769.0,4444.0,1979.0,18798.0,5708.0,5747.0,4775.0,2182.0,19097.0,5529.0,5686.0,4660.0,2297.0,257.0,265.0,262.0
3:28:15,30.0,17039.0,11815.0,17372.0,5109.0,5439.0,5286.0,4774.0,5567.0,5317.0,4140.0,4493.0,4238.0,2134.0,2141.0,2202.0,16753.0,17231.0,16952.0,5858.0,5962.0,5641.0,4982.0,5328.0,5489.0,4278.0,4717.0,4887.0,1731.0,2005.0,1785.0,14359.0,11519.0,14773.0,4559.0,4718.0,4587.0,4612.0,4057.0,4300.0,3731.0,3312.0,3802.0,1458.0,1578.0,1469.0,16133.0,15917.0,13962.0,4756.0,4837.0,4802.0,4035.0,4415.0,4446.0,3770.0,3707.0,4144.0,1434.0,1576.0,1589.0,14343.0,5033.0,5146.0,4361.0,1702.0,10843.0,5018.0,5113.0,4090.0,1780.0,14962.0,5001.0,5423.0,4493.0,1902.0,15019.0,4442.0,5796.0,4454.0,1950.0,19890.0,5694.0,5839.0,4769.0,2181.0,20230.0,5520.0,5697.0,4665.0,2275.0,249.0,262.0,256.0
3:38:15,30.1,17548.0,12270.0,18001.0,5143.0,5476.0,5308.0,4830.0,5579.0,5357.0,4178.0,4483.0,4290.0,2107.0,2109.0,2177.0,17429.0,17824.0,17717.0,5897.0,5970.0,5646.0,5006.0,5288.0,5530.0,4316.0,4683.0,4916.0,1725.0,2000.0,1764.0,15017.0,11884.0,15373.0,4605.0,4715.0,4647.0,4661.0,4078.0,4318.0,3762.0,3328.0,3823.0,1451.0,1566.0,1471.0,16643.0,16776.0,14382.0,4753.0,4820.0,4761.0,4009.0,4365.0,4407.0,3746.0,3736.0,4123.0,1437.0,1523.0,1574.0,15068.0,4997.0,5180.0,4366.0,1671.0,12154.0,4997.0,5144.0,4107.0,1754.0,15396.0,5036.0,5386.0,4494.0,1878.0,15782.0,4477.0,5817.0,4429.0,1930.0,20664.0,5735.0,5795.0,4787.0,2141.0,21151.0,5511.0,5754.0,4653.0,2230.0,255.0,260.0,264.0
3:48:15,30.1,17864.0,12776.0,18516.0,5163.0,5482.0,5321.0,4844.0,5612.0,5351.0,4183.0,4520.0,4242.0,2092.0,2092.0,2187.0,18067.0,18466.0,18223.0,5913.0,6047.0,5680.0,5011.0,5296.0,5513.0,4352.0,4700.0,4975.0,1689.0,1965.0,1729.0,15426.0,12422.0,15911.0,4611.0,4695.0,4664.0,4603.0,4073.0,4312.0,3733.0,3294.0,3804.0,1430.0,1534.0,1442.0,17365.0,17522.0,15005.0,4742.0,4822.0,4771.0,4007.0,4385.0,4424.0,3772.0,3736.0,4158.0,1417.0,1521.0,1545.0,15835.0,5036.0,5158.0,4387.0,1650.0,14111.0,5068.0,5109.0,4104.0,1739.0,15755.0,4977.0,5425.0,4493.0,1856.0,16601.0,4486.0,5812.0,4440.0,1900.0,21753.0,5727.0,5780.0,4817.0,2138.0,21981.0,5563.0,5733.0,4700.0,2209.0,255.0,262.0,263.0
3:58:15,30.1,17985.0,13221.0,18925.0,5206.0,5484.0,5324.0,4827.0,5614.0,5378.0,4148.0,4499.0,4269.0,2083.0,2028.0,2148.0,18594.0,18971.0,18951.0,5965.0,6051.0,5694.0,5010.0,5346.0,5538.0,4347.0,4679.0,4954.0,1656.0,1941.0,1694.0,15690.0,12606.0,16413.0,4566.0,4717.0,4657.0,4636.0,4085.0,4316.0,3743.0,3317.0,3784.0,1407.0,1507.0,1427.0,18129.0,18157.0,15283.0,4765.0,4813.0,4771.0,4000.0,4406.0,4414.0,3797.0,3738.0,4136.0,1395.0,1486.0,1504.0,16508.0,5020.0,5166.0,4353.0,1643.0,15985.0,5019.0,5151.0,4117.0,1717.0,16244.0,4996.0,5397.0,4485.0,1826.0,17428.0,4514.0,5831.0,4408.0,1876.0,22571.0,5750.0,5746.0,4812.0,2127.0,22904.0,5608.0,5727.0,4656.0,2204.0,262.0,263.0,258.0
4:08:15,30.1,18012.0,13293.0,19209.0,5169.0,5480.0,5356.0,4834.0,5557.0,5373.0,4185.0,4514.0,4253.0,2043.0,2036.0,2136.0,19008.0,19470.0,19407.0,5898.0,6003.0,5707.0,4981.0,5334.0,5537.0,4339.0,4682.0,4944.0,1648.0,1916.0,1674.0,16185.0,12942.0,16793.0,4621.0,4733.0,4655.0,4622.0,4074.0,4294.0,3753.0,3309.0,3811.0,1397.0,1486.0,1405.0,18728.0,18917.0,15756.0,4704.0,4822.0,4762.0,3986.0,4389.0,4383.0,3789.0,3740.0,4137.0,1376.0,1464.0,1480.0,17275.0,5033.0,5155.0,4350.0,1590.0,17444.0,5019.0,5145.0,4113.0,1699.0,16330.0,4963.0,5346.0,4512.0,1794.0,18181.0,4490.0,5770.0,4443.0,1844.0,23265.0,5700.0,5804.0,4809.0,2060.0,23678.0,5548.0,5738.0,4667.0,2186.0,248.0,256.0,247.0
4:18:15,30.1,17975.0,13619.0,19667.0,5123.0,5467.0,5338.0,4805.0,5569.0,5383.0,4142.0,4505.0,4302.0,2062.0,2030.0,2106.0,19661.0,20013.0,19766.0,5937.0,6095.0,5771.0,4990.0,5292.0,5538.0,4372.0,4704.0,4937.0,1626.0,1906.0,1662.0,16686.0,13162.0,17253.0,4661.0,4752.0,4703.0,4586.0,4065.0,4301.0,3770.0,3315.0,3821.0,1374.0,1478.0,1381.0,19270.0,19744.0,15960.0,4718.0,4813.0,4780.0,4002.0,4383.0,4424.0,3775.0,3721.0,4135.0,1340.0,1443.0,1467.0,17946.0,5056.0,5156.0,4351.0,1591.0,18901.0,5019.0,5133.0,4118.0,1662.0,16640.0,4971.0,5408.0,4521.0,1771.0,19067.0,4436.0,5782.0,4438.0,1826.0,24192.0,5735.0,5803.0,4834.0,2037.0,24257.0,5546.0,5718.0,4649.0,2147.0,251.0,249.0,262.0
4:28:15,30.0,17823.0,13719.0,20002.0,5169.0,5477.0,5390.0,4870.0,5584.0,5382.0,4179.0,4521.0,4299.0,2038.0,2018.0,2091.0,20087.0,20566.0,20307.0,5939.0,6064.0,5789.0,4953.0,5336.0,5527.0,4356.0,4697.0,4929.0,1594.0,1875.0,1638.0,16878.0,13239.0,17739.0,4685.0,4764.0,4656.0,4624.0,4079.0,4321.0,3768.0,3310.0,3820.0,1352.0,1429.0,1369.0,20061.0,20354.0,16215.0,4771.0,4851.0,4793.0,3998.0,4385.0,4422.0,3815.0,3730.0,4152.0,1326.0,1428.0,1447.0,18497.0,5056.0,5185.0,4380.0,1563.0,19703.0,5108.0,5109.0,4102.0,1623.0,16971.0,4956.0,5371.0,4499.0,1754.0,19896.0,4521.0,5855.0,4501.0,1805.0,24940.0,5760.0,5842.0,4801.0,2000.0,25036.0,5559.0,5758.0,4697.0,2146.0,252.0,253.0,262.0
4:38:15,30.0,17685.0,13994.0,20211.0,5174.0,5499.0,5352.0,4859.0,5639.0,5392.0,4187.0,4535.0,4300.0,2020.0,2006.0,2093.0,20729.0,20920.0,20693.0,5965.0,6133.0,5791.0,5044.0,5349.0,5543.0,4347.0,4769.0,4911.0,1581.0,1856.0,1600.0,17062.0,13509.0,18073.0,4701.0,4773.0,4737.0,4616.0,4092.0,4343.0,3797.0,3321.0,3837.0,1340.0,1455.0,1356.0,20735.0,21203.0,16398.0,4741.0,4877.0,4804.0,4013.0,4400.0,4419.0,3809.0,3738.0,4172.0,1301.0,1402.0,1412.0,19253.0,5016.0,5194.0,4354.0,1540.0,21252.0,5025.0,5154.0,4139.0,1622.0,16977.0,5028.0,5376.0,4528.0,1734.0,20714.0,4509.0,5873.0,4472.0,1779.0,25740.0,5806.0,5863.0,4849.0,2012.0,25795.0,5551.0,5765.0,4690.0,2123.0,248.0,252.0,262.0
4:48:15,30.0,17421.0,13508.0,20549.0,5240.0,5552.0,5434.0,4857.0,5689.0,5464.0,4218.0,4552.0,4308.0,2002.0,1992.0,2096.0,21036.0,21537.0,21205.0,6023.0,6185.0,5821.0,5074.0,5386.0,5573.0,4370.0,4729.0,4982.0,1549.0,1867.0,1599.0,17271.0,13602.0,18592.0,4756.0,4802.0,4762.0,4616.0,4120.0,4371.0,3769.0,3330.0,3864.0,1313.0,1426.0,1340.0,21501.0,21885.0,16684.0,4783.0,4892.0,4847.0,4026.0,4464.0,4427.0,3796.0,3769.0,4178.0,1288.0,1401.0,1425.0,20028.0,5087.0,5233.0,4414.0,1525.0,22905.0,5031.0,5147.0,4145.0,1623.0,16987.0,5048.0,5418.0,4538.0,1718.0,21370.0,4535.0,5844.0,4472.0,1773.0,26666.0,5772.0,5908.0,4878.0,1979.0,26501.0,5578.0,5793.0,4732.0,2094.0,255.0,265.0,258.0
4:58:15,30.0,17233.0,14058.0,20682.0,5256.0,5548.0,5402.0,4898.0,5737.0,5459.0,4219.0,4591.0,4316.0,2007.0,2004.0,2075.0,21451.0,21848.0,21639.0,6052.0,6212.0,5850.0,5048.0,5355.0,5586.0,4390.0,4739.0,4964.0,1541.0,1841.0,1577.0,17482.0,13820.0,18932.0,4737.0,4868.0,4780.0,4670.0,4085.0,4389.0,3773.0,3331.0,3836.0,1294.0,1399.0,1311.0,22097.0,22527.0,16725.0,4806.0,4882.0,4853.0,4022.0,4409.0,4430.0,3840.0,3759.0,4199.0,1287.0,1381.0,1402.0,20651.0,5040.0,5238.0,4411.0,1516.0,22598.0,5087.0,5191.0,4157.0,1605.0,16977.0,5086.0,5490.0,4542.0,1723.0,22284.0,4577.0,5875.0,4480.0,1755.0,27195.0,5780.0,5866.0,4866.0,1965.0,27190.0,5638.0,5818.0,4766.0,2062.0,256.0,255.0,270.0
5:08:15,30.0,16968.0,13178.0,20765.0,5263.0,5587.0,5436.0,4881.0,5677.0,5510.0,4269.0,4564.0,4361.0,1987.0,1975.0,2054.0,21771.0,22173.0,21823.0,6046.0,6214.0,5881.0,5019.0,5402.0,5574.0,4371.0,4774.0,4958.0,1517.0,1837.0,1552.0,17588.0,13875.0,19128.0,4720.0,4837.0,4826.0,4640.0,4091.0,4361.0,3782.0,3337.0,3843.0,1279.0,1399.0,1295.0,22935.0,23101.0,16832.0,4800.0,4911.0,4841.0,3986.0,4402.0,4454.0,3806.0,3781.0,4237.0,1280.0,1366.0,1365.0,21246.0,5090.0,5211.0,4372.0,1501.0,16498.0,5035.0,5177.0,4146.0,1595.0,16937.0,5059.0,5491.0,4544.0,1707.0,22824.0,4623.0,5873.0,4469.0,1719.0,27845.0,5774.0,5875.0,4847.0,1966.0,27380.0,5645.0,5824.0,4766.0,2040.0,262.0,258.0,254.0
5:18:15,30.0,16616.0,14154.0,20722.0,5247.0,5587.0,5451.0,4891.0,5666.0,5482.0,4248.0,4515.0,4355.0,1955.0,1959.0,2061.0,22081.0,22456.0,22206.0,6073.0,6228.0,5906.0,5060.0,5389.0,5589.0,4408.0,4736.0,4987.0,1490.0,1783.0,1545.0,17728.0,14037.0,19168.0,4667.0,4900.0,4818.0,4615.0,4107.0,4383.0,3800.0,3336.0,3818.0,1285.0,1369.0,1277.0,23345.0,23654.0,16865.0,4814.0,4904.0,4853.0,4045.0,4393.0,4431.0,3778.0,3766.0,4237.0,1250.0,1334.0,1354.0,21706.0,5053.0,5253.0,4410.0,1489.0,13522.0,5078.0,5182.0,4161.0,1584.0,16922.0,5067.0,5442.0,4521.0,1679.0,23496.0,4567.0,5871.0,4475.0,1689.0,28540.0,5809.0,5886.0,4876.0,1925.0,27800.0,5640.0,5828.0,4761.0,2052.0,257.0,261.0,271.0
5:28:15,30.1,16200.0,14014.0,20777.0,5261.0,5561.0,5456.0,4921.0,5673.0,5534.0,4231.0,4601.0,4366.0,1942.0,1949.0,2015.0,22505.0,22698.0,22192.0,6072.0,6259.0,5870.0,5005.0,5357.0,5568.0,4399.0,4755.0,4944.0,1474.0,1778.0,1517.0,17619.0,13930.0,19215.0,4644.0,4888.0,4804.0,4644.0,4108.0,4391.0,3762.0,3305.0,3862.0,1265.0,1361.0,1269.0,23813.0,24194.0,16962.0,4812.0,4858.0,4892.0,4016.0,4391.0,4414.0,3784.0,3740.0,4244.0,1232.0,1330.0,1334.0,22177.0,5080.0,5218.0,4362.0,1450.0,13352.0,5059.0,5164.0,4127.0,1575.0,16839.0,5085.0,5483.0,4544.0,1659.0,24035.0,4596.0,5860.0,4446.0,1679.0,29030.0,5747.0,5896.0,4835.0,1914.0,28258.0,5647.0,5786.0,4777.0,2020.0,247.0,256.0,266.0
5:38:15,30.1,15670.0,14078.0,20790.0,5234.0,5623.0,5438.0,4905.0,5689.0,5486.0,4218.0,4537.0,4340.0,1925.0,1946.0,1987.0,22610.0,22801.0,22401.0,6091.0,6185.0,5870.0,5052.0,5339.0,5547.0,4376.0,4761.0,4944.0,1441.0,1779.0,1499.0,17732.0,13963.0,19362.0,4678.0,4884.0,4845.0,4628.0,4118.0,4394.0,3782.0,3343.0,3833.0,1220.0,1331.0,1241.0,24176.0,24480.0,16789.0,4812.0,4843.0,4846.0,4005.0,4388.0,4407.0,3776.0,3751.0,4185.0,1208.0,1297.0,1298.0,22736.0,5032.0,5181.0,4308.0,1425.0,15956.0,5047.0,5112.0,4163.0,1531.0,17119.0,5041.0,5423.0,4505.0,1602.0,24647.0,4575.0,5815.0,4435.0,1639.0,29385.0,5798.0,5892.0,4852.0,1873.0,28143.0,5653.0,5817.0,4718.0,1999.0,254.0,255.0,253.0
5:48:15,30.1,15146.0,14110.0,20451.0,5219.0,5548.0,5478.0,4891.0,5656.0,5493.0,4212.0,4553.0,4288.0,1899.0,1901.0,1963.0,22888.0,22875.0,22405.0,6061.0,6176.0,5845.0,5040.0,5334.0,5539.0,4373.0,4747.0,4925.0,1411.0,1724.0,1453.0,17419.0,13886.0,19400.0,4665.0,4882.0,4791.0,4598.0,4091.0,4374.0,3782.0,3338.0,3817.0,1203.0,1311.0,1226.0,24455.0,24851.0,16805.0,4759.0,4858.0,4847.0,3964.0,4333.0,4419.0,3741.0,3706.0,4169.0,1206.0,1278.0,1276.0,23059.0,4999.0,5194.0,4288.0,1427.0,18545.0,5032.0,5104.0,4094.0,1501.0,16852.0,5012.0,5449.0,4467.0,1595.0,24982.0,4545.0,5833.0,4444.0,1636.0,29770.0,5691.0,5812.0,4824.0,1854.0,28293.0,5602.0,5764.0,4656.0,1984.0,254.0,251.0,253.0
5:58:15,30.1,14948.0,13935.0,20293.0,5218.0,5582.0,5417.0,4859.0,5677.0,5486.0,4204.0,4528.0,4288.0,1882.0,1888.0,1966.0,22839.0,23124.0,22431.0,6018.0,6165.0,5871.0,5007.0,5341.0,5523.0,4341.0,4722.0,4904.0,1411.0,1691.0,1425.0,17354.0,13848.0,19402.0,4662.0,4829.0,4756.0,4582.0,4071.0,4394.0,3786.0,3317.0,3821.0,1204.0,1272.0,1210.0,24551.0,25284.0,16862.0,4771.0,4856.0,4880.0,3965.0,4369.0,4393.0,3738.0,3719.0,4158.0,1184.0,1253.0,1270.0,23328.0,5075.0,5147.0,4321.0,1392.0,20570.0,5045.0,5142.0,4089.0,1489.0,16514.0,5077.0,5396.0,4486.0,1588.0,25457.0,4584.0,5806.0,4410.0,1577.0,30042.0,5736.0,5826.0,4772.0,1824.0,28281.0,5610.0,5776.0,4718.0,1967.0,251.0,251.0,251.0
6:08:15,30.0,14588.0,13804.0,20309.0,5255.0,5554.0,5450.0,4873.0,5667.0,5434.0,4243.0,4540.0,4326.0,1858.0,1876.0,1944.0,23147.0,23350.0,22574.0,6058.0,6225.0,5849.0,5028.0,5340.0,5577.0,4358.0,4680.0,4917.0,1375.0,1690.0,1423.0,17407.0,14052.0,19247.0,4704.0,4822.0,4813.0,4607.0,4100.0,4387.0,3761.0,3348.0,3798.0,1160.0,1275.0,1193.0,25001.0,25591.0,16805.0,4743.0,4844.0,4851.0,3961.0,4371.0,4393.0,3756.0,3686.0,4179.0,1170.0,1222.0,1261.0,24033.0,4987.0,5139.0,4346.0,1366.0,23258.0,4970.0,5115.0,4105.0,1470.0,16240.0,5014.0,5341.0,4465.0,1548.0,25960.0,4615.0,5832.0,4405.0,1575.0,30481.0,5769.0,5811.0,4809.0,1792.0,28309.0,5681.0,5745.0,4716.0,1925.0,247.0,255.0,263.0
6:18:15,30.1,14203.0,13594.0,20173.0,5214.0,5634.0,5486.0,4890.0,5695.0,5500.0,4237.0,4542.0,4297.0,1855.0,1865.0,1934.0,23303.0,23246.0,22715.0,6052.0,6210.0,5874.0,5019.0,5335.0,5504.0,4358.0,4677.0,4924.0,1357.0,1670.0,1406.0,17353.0,14025.0,19256.0,4718.0,4885.0,4837.0,4576.0,4077.0,4380.0,3778.0,3321.0,3810.0,1157.0,1262.0,1178.0,25288.0,26090.0,16980.0,4752.0,4812.0,4858.0,3965.0,4381.0,4367.0,3732.0,3740.0,4202.0,1156.0,1230.0,1231.0,24529.0,5037.0,5180.0,4302.0,1364.0,22662.0,5025.0,5135.0,4068.0,1461.0,16065.0,5034.0,5373.0,4489.0,1541.0,26424.0,4537.0,5857.0,4424.0,1547.0,30934.0,5766.0,5837.0,4833.0,1776.0,28563.0,5613.0,5779.0,4726.0,1912.0,251.0,257.0,257.0
6:28:15,30.0,13993.0,13400.0,20077.0,5263.0,5618.0,5469.0,4866.0,5707.0,5462.0,4214.0,4521.0,4354.0,1849.0,1842.0,1902.0,23300.0,23571.0,22746.0,6088.0,6271.0,5875.0,5017.0,5337.0,5493.0,4356.0,4734.0,4931.0,1352.0,1646.0,1387.0,17526.0,14141.0,19245.0,4735.0,4876.0,4810.0,4607.0,4067.0,4369.0,3763.0,3330.0,3815.0,1141.0,1243.0,1157.0,25468.0,26543.0,16887.0,4813.0,4851.0,4875.0,3951.0,4377.0,4383.0,3785.0,3727.0,4198.0,1126.0,1230.0,1215.0,24904.0,5009.0,5139.0,4311.0,1326.0,21611.0,5074.0,5139.0,4094.0,1430.0,15765.0,5026.0,5350.0,4472.0,1523.0,26840.0,4590.0,5858.0,4392.0,1547.0,31328.0,5790.0,5785.0,4832.0,1753.0,28482.0,5683.0,5772.0,4723.0,1875.0,249.0,256.0,260.0
6:38:15,30.0,13867.0,13598.0,19815.0,5269.0,5613.0,5511.0,4902.0,5704.0,5529.0,4247.0,4569.0,4365.0,1828.0,1812.0,1901.0,23451.0,23424.0,22653.0,6098.0,6245.0,5921.0,5039.0,5355.0,5586.0,4343.0,4712.0,4865.0,1341.0,1632.0,1344.0,17255.0,14138.0,19200.0,4722.0,4935.0,4865.0,4608.0,4086.0,4424.0,3767.0,3348.0,3859.0,1120.0,1228.0,1158.0,25705.0,27032.0,16810.0,4789.0,4868.0,4860.0,3975.0,4383.0,4391.0,3769.0,3729.0,4169.0,1130.0,1185.0,1211.0,25185.0,5031.0,5162.0,4354.0,1331.0,21043.0,5071.0,5175.0,4115.0,1420.0,15559.0,5006.0,5386.0,4482.0,1516.0,27415.0,4605.0,5793.0,4418.0,1529.0,31460.0,5810.0,5861.0,4825.0,1756.0,28376.0,5639.0,5824.0,4731.0,1835.0,259.0,258.0,264.0
6:48:15,30.0,13658.0,14311.0,19384.0,5270.0,5632.0,5488.0,4888.0,5698.0,5554.0,4202.0,4567.0,4342.0,1823.0,1807.0,1895.0,23214.0,23122.0,22326.0,6156.0,6227.0,5938.0,4988.0,5302.0,5534.0,4365.0,4700.0,4891.0,1325.0,1613.0,1358.0,17224.0,14170.0,19098.0,4690.0,4909.0,4870.0,4592.0,4086.0,4467.0,3772.0,3310.0,3810.0,1117.0,1220.0,1126.0,25746.0,27391.0,16890.0,4780.0,4858.0,4845.0,3994.0,4334.0,4395.0,3746.0,3712.0,4181.0,1116.0,1169.0,1189.0,25521.0,5046.0,5139.0,4319.0,1309.0,21688.0,5032.0,5118.0,4129.0,1394.0,15367.0,5077.0,5389.0,4439.0,1488.0,27742.0,4620.0,5780.0,4405.0,1478.0,31855.0,5774.0,5866.0,4805.0,1703.0,28372.0,5653.0,5777.0,4730.0,1840.0,256.0,262.0,265.0
6:58:15,30.0,13412.0,13857.0,19082.0,5298.0,5634.0,5516.0,4894.0,5697.0,5444.0,4225.0,4539.0,4354.0,1801.0,1802.0,1869.0,23012.0,22871.0,22074.0,6121.0,6239.0,5899.0,4978.0,5320.0,5549.0,4341.0,4731.0,4899.0,1300.0,1603.0,1323.0,17103.0,14093.0,19050.0,4709.0,4942.0,4853.0,4610.0,4097.0,4440.0,3771.0,3325.0,3816.0,1104.0,1210.0,1113.0,26085.0,27545.0,16711.0,4793.0,4861.0,4848.0,3987.0,4354.0,4418.0,3757.0,3717.0,4177.0,1072.0,1159.0,1166.0,25818.0,5037.0,5119.0,4298.0,1288.0,21402.0,5077.0,5143.0,4046.0,1398.0,15155.0,5081.0,5429.0,4446.0,1493.0,28177.0,4604.0,5797.0,4409.0,1477.0,32273.0,5781.0,5891.0,4810.0,1692.0,28043.0,5687.0,5799.0,4692.0,1799.0,264.0,266.0,260.0
7:08:15,30.0,13159.0,14360.0,18509.0,5263.0,5622.0,5502.0,4865.0,5694.0,5521.0,4220.0,4511.0,4334.0,1804.0,1786.0,1848.0,22608.0,22510.0,21708.0,6106.0,6238.0,5867.0,4986.0,5315.0,5555.0,4365.0,4727.0,4923.0,1286.0,1574.0,1318.0,16896.0,14229.0,18944.0,4656.0,4889.0,4851.0,4574.0,4101.0,4435.0,3791.0,3336.0,3825.0,1078.0,1191.0,1110.0,26034.0,27890.0,16723.0,4765.0,4824.0,4865.0,3954.0,4368.0,4371.0,3721.0,3704.0,4155.0,1068.0,1138.0,1158.0,26045.0,4970.0,5124.0,4270.0,1274.0,22137.0,5016.0,5158.0,4049.0,1371.0,14860.0,5056.0,5437.0,4458.0,1441.0,28259.0,4609.0,5776.0,4381.0,1441.0,32185.0,5752.0,5809.0,4793.0,1669.0,27648.0,5634.0,5783.0,4685.0,1803.0,252.0,259.0,255.0
7:18:15,30.0,12960.0,13586.0,18109.0,5256.0,5663.0,5462.0,4873.0,5708.0,5495.0,4215.0,4527.0,4310.0,1766.0,1762.0,1827.0,22031.0,22021.0,21050.0,6164.0,6237.0,5884.0,4973.0,5256.0,5528.0,4324.0,4686.0,4898.0,1267.0,1548.0,1283.0,16596.0,14214.0,18705.0,4681.0,4876.0,4855.0,4560.0,4105.0,4382.0,3777.0,3326.0,3827.0,1084.0,1170.0,1095.0,25881.0,28025.0,16786.0,4755.0,4818.0,4830.0,3944.0,4349.0,4358.0,3722.0,3689.0,4163.0,1053.0,1127.0,1138.0,26096.0,4971.0,5106.0,4266.0,1246.0,23321.0,5036.0,5097.0,4036.0,1352.0,14587.0,5011.0,5453.0,4447.0,1444.0,28651.0,4587.0,5825.0,4380.0,1428.0,32370.0,5781.0,5816.0,4768.0,1652.0,27087.0,5654.0,5770.0,4682.0,1768.0,258.0,259.0,254.0
7:28:15,30.1,12577.0,13155.0,17606.0,5263.0,5584.0,5426.0,4858.0,5635.0,5468.0,4183.0,4508.0,4289.0,1744.0,1722.0,1819.0,21680.0,21456.0,20649.0,6051.0,6197.0,5808.0,4952.0,5242.0,5470.0,4276.0,4674.0,4840.0,1237.0,1524.0,1249.0,16426.0,14035.0,18260.0,4651.0,4894.0,4843.0,4560.0,4062.0,4372.0,3777.0,3273.0,3772.0,1058.0,1148.0,1071.0,25813.0,28146.0,16576.0,4760.0,4791.0,4838.0,3892.0,4285.0,4336.0,3696.0,3660.0,4139.0,1028.0,1083.0,1122.0,26082.0,4986.0,5092.0,4228.0,1213.0,24189.0,4989.0,5031.0,4000.0,1328.0,14247.0,4987.0,5422.0,4401.0,1394.0,28581.0,4628.0,5787.0,4348.0,1412.0,32133.0,5682.0,5797.0,4747.0,1631.0,26667.0,5633.0,5695.0,4649.0,1722.0,246.0,262.0,261.0
7:38:15,30.0,12176.0,13234.0,17126.0,5243.0,5578.0,5449.0,4823.0,5651.0,5495.0,4204.0,4467.0,4299.0,1735.0,1708.0,1783.0,21040.0,21018.0,20072.0,6034.0,6158.0,5865.0,4932.0,5266.0,5492.0,4283.0,4662.0,4817.0,1212.0,1503.0,1238.0,16214.0,14141.0,17852.0,4668.0,4850.0,4828.0,4557.0,4052.0,4371.0,3725.0,3270.0,3778.0,1040.0,1131.0,1062.0,25662.0,28307.0,16513.0,4680.0,4763.0,4797.0,3896.0,4246.0,4308.0,3644.0,3628.0,4102.0,1032.0,1084.0,1092.0,26010.0,4966.0,5086.0,4286.0,1200.0,25144.0,4999.0,5074.0,4029.0,1309.0,14124.0,5032.0,5328.0,4391.0,1400.0,28378.0,4537.0,5765.0,4341.0,1396.0,31749.0,5704.0,5780.0,4679.0,1595.0,26035.0,5627.0,5710.0,4655.0,1694.0,253.0,245.0,268.0
7:48:15,30.0,12098.0,12955.0,16711.0,5217.0,5596.0,5465.0,4840.0,5676.0,5479.0,4198.0,4489.0,4269.0,1721.0,1683.0,1776.0,20758.0,20712.0,19656.0,6054.0,6179.0,5858.0,4949.0,5226.0,5494.0,4276.0,4639.0,4824.0,1193.0,1494.0,1225.0,15716.0,13935.0,17500.0,4640.0,4826.0,4823.0,4545.0,4078.0,4378.0,3736.0,3287.0,3768.0,1041.0,1126.0,1042.0,25565.0,28530.0,16628.0,4740.0,4768.0,4818.0,3877.0,4262.0,4307.0,3666.0,3627.0,4110.0,1015.0,1074.0,1091.0,25996.0,4954.0,5063.0,4217.0,1190.0,26672.0,4990.0,5079.0,4034.0,1314.0,13804.0,4977.0,5331.0,4348.0,1374.0,28066.0,4524.0,5739.0,4346.0,1337.0,31327.0,5709.0,5763.0,4710.0,1575.0,25273.0,5637.0,5737.0,4648.0,1693.0,247.0,254.0,257.0
7:58:15,30.0,11916.0,12385.0,16457.0,5258.0,5614.0,5472.0,4856.0,5683.0,5454.0,4190.0,4486.0,4282.0,1702.0,1673.0,1753.0,20340.0,20322.0,19318.0,6027.0,6154.0,5832.0,4909.0,5200.0,5446.0,4268.0,4604.0,4843.0,1187.0,1464.0,1217.0,15550.0,13714.0,16996.0,4683.0,4849.0,4826.0,4571.0,4053.0,4360.0,3701.0,3257.0,3749.0,1032.0,1107.0,1042.0,25426.0,28560.0,16656.0,4750.0,4762.0,4787.0,3872.0,4285.0,4292.0,3662.0,3611.0,4132.0,995.0,1066.0,1089.0,25711.0,4949.0,5079.0,4219.0,1188.0,28836.0,4968.0,5076.0,3999.0,1289.0,13734.0,4960.0,5281.0,4359.0,1361.0,27801.0,4550.0,5755.0,4337.0,1324.0,31065.0,5679.0,5760.0,4716.0,1558.0,24454.0,5637.0,5748.0,4631.0,1665.0,248.0,254.0,261.0
8:08:15,30.0,11933.0,12317.0,16236.0,5274.0,5639.0,5474.0,4838.0,5642.0,5420.0,4185.0,4470.0,4272.0,1671.0,1666.0,1736.0,20251.0,20024.0,18991.0,6029.0,6144.0,5849.0,4932.0,5202.0,5470.0,4261.0,4647.0,4818.0,1176.0,1461.0,1194.0,15227.0,13456.0,16679.0,4631.0,4869.0,4821.0,4505.0,4039.0,4394.0,3718.0,3297.0,3785.0,1001.0,1106.0,1029.0,25459.0,28455.0,16702.0,4721.0,4754.0,4777.0,3880.0,4268.0,4287.0,3661.0,3640.0,4126.0,983.0,1041.0,1068.0,25399.0,4983.0,5098.0,4231.0,1174.0,28739.0,4989.0,5086.0,3987.0,1273.0,13449.0,4944.0,5344.0,4341.0,1354.0,27356.0,4593.0,5773.0,4299.0,1319.0,30473.0,5715.0,5775.0,4716.0,1542.0,23860.0,5639.0,5752.0,4624.0,1644.0,254.0,261.0,263.0
8:18:15,30.0,11885.0,12155.0,15990.0,5285.0,5666.0,5479.0,4869.0,5699.0,5466.0,4206.0,4473.0,4262.0,1673.0,1642.0,1724.0,19853.0,19891.0,18724.0,6031.0,6185.0,5832.0,4899.0,5243.0,5462.0,4282.0,4643.0,4816.0,1152.0,1444.0,1174.0,14903.0,13294.0,16313.0,4672.0,4881.0,4843.0,4550.0,4058.0,4392.0,3716.0,3284.0,3758.0,985.0,1073.0,1015.0,25280.0,28442.0,16654.0,4738.0,4755.0,4774.0,3880.0,4265.0,4313.0,3632.0,3645.0,4111.0,967.0,1025.0,1062.0,25281.0,4930.0,5103.0,4201.0,1163.0,29638.0,4974.0,5117.0,4015.0,1252.0,13031.0,4949.0,5337.0,4389.0,1320.0,27150.0,4572.0,5752.0,4309.0,1306.0,29875.0,5740.0,5783.0,4706.0,1529.0,23142.0,5628.0,5758.0,4610.0,1647.0,255.0,259.0,257.0
8:28:15,30.0,11785.0,12441.0,15759.0,5288.0,5625.0,5489.0,4868.0,5658.0,5524.0,4183.0,4513.0,4287.0,1670.0,1638.0,1712.0,19622.0,19619.0,18357.0,6082.0,6192.0,5782.0,4926.0,5248.0,5450.0,4252.0,4592.0,4846.0,1130.0,1420.0,1180.0,14563.0,13092.0,16008.0,4669.0,4864.0,4831.0,4554.0,4021.0,4398.0,3699.0,3231.0,3769.0,978.0,1061.0,1022.0,24788.0,27926.0,16439.0,4743.0,4782.0,4690.0,3876.0,4240.0,4279.0,3624.0,3647.0,4114.0,966.0,1014.0,1041.0,24849.0,4892.0,5076.0,4194.0,1148.0,28300.0,4900.0,5060.0,4010.0,1233.0,12784.0,4954.0,5303.0,4374.0,1324.0,26552.0,4621.0,5748.0,4324.0,1298.0,29550.0,5707.0,5802.0,4741.0,1501.0,22399.0,5604.0,5724.0,4639.0,1640.0,265.0,258.0,262.0
8:38:15,30.0,11785.0,12471.0,15478.0,5300.0,5622.0,5470.0,4840.0,5677.0,5478.0,4175.0,4501.0,4305.0,1633.0,1611.0,1705.0,19274.0,19336.0,18122.0,5975.0,6141.0,5808.0,4904.0,5238.0,5441.0,4255.0,4654.0,4800.0,1116.0,1416.0,1145.0,14270.0,12871.0,15630.0,4681.0,4860.0,4822.0,4529.0,4056.0,4414.0,3719.0,3239.0,3742.0,967.0,1054.0,1000.0,24386.0,27545.0,16314.0,4735.0,4770.0,4729.0,3867.0,4201.0,4327.0,3635.0,3659.0,4088.0,958.0,1019.0,1019.0,24193.0,4892.0,5033.0,4175.0,1132.0,26805.0,4891.0,5099.0,4007.0,1214.0,12560.0,4915.0,5307.0,4383.0,1301.0,26233.0,4557.0,5756.0,4321.0,1265.0,29151.0,5670.0,5787.0,4713.0,1473.0,21811.0,5582.0,5710.0,4597.0,1594.0,258.0,259.0,262.0
8:48:15,30.1,11787.0,12236.0,15325.0,5305.0,5619.0,5461.0,4897.0,5665.0,5484.0,4169.0,4498.0,4249.0,1626.0,1620.0,1686.0,19042.0,19034.0,17843.0,5994.0,6133.0,5775.0,4904.0,5206.0,5435.0,4231.0,4620.0,4800.0,1098.0,1392.0,1142.0,13985.0,12719.0,15385.0,4738.0,4838.0,4795.0,4526.0,4043.0,4401.0,3711.0,3232.0,3753.0,956.0,1041.0,991.0,23716.0,26974.0,16060.0,4726.0,4755.0,4690.0,3881.0,4213.0,4267.0,3651.0,3611.0,4068.0,919.0,980.0,1025.0,23918.0,4928.0,5053.0,4192.0,1124.0,27091.0,4891.0,5064.0,3983.0,1208.0,11864.0,4906.0,5315.0,4309.0,1292.0,25910.0,4518.0,5749.0,4281.0,1252.0,28464.0,5666.0,5781.0,4664.0,1468.0,21175.0,5572.0,5697.0,4588.0,1596.0,257.0,267.0,257.0
8:58:15,30.1,11827.0,11929.0,15122.0,5261.0,5621.0,5412.0,4869.0,5650.0,5462.0,4147.0,4487.0,4266.0,1585.0,1593.0,1676.0,18814.0,18765.0,17581.0,5949.0,6117.0,5792.0,4867.0,5181.0,5415.0,4208.0,4559.0,4794.0,1100.0,1357.0,1132.0,13771.0,12513.0,15081.0,4653.0,4845.0,4791.0,4487.0,4013.0,4381.0,3709.0,3246.0,3727.0,943.0,1028.0,977.0,23059.0,26417.0,15521.0,4665.0,4728.0,4683.0,3821.0,4188.0,4248.0,3621.0,3594.0,4065.0,931.0,965.0,989.0,23572.0,4843.0,5024.0,4128.0,1104.0,27907.0,4847.0,5021.0,3959.0,1198.0,12224.0,4877.0,5293.0,4345.0,1287.0,25657.0,4476.0,5722.0,4267.0,1219.0,27967.0,5636.0,5764.0,4666.0,1437.0,20783.0,5586.0,5721.0,4541.0,1536.0,250.0,257.0,267.0
9:08:15,30.1,11467.0,11806.0,14774.0,5211.0,5586.0,5361.0,4849.0,5657.0,5463.0,4148.0,4438.0,4262.0,1572.0,1573.0,1645.0,18567.0,18422.0,17231.0,5915.0,6094.0,5712.0,4873.0,5162.0,5419.0,4214.0,4598.0,4739.0,1073.0,1346.0,1101.0,13474.0,12367.0,14732.0,4647.0,4759.0,4739.0,4489.0,3968.0,4414.0,3653.0,3215.0,3718.0,928.0,1024.0,959.0,22277.0,25676.0,15175.0,4679.0,4709.0,4642.0,3803.0,4190.0,4202.0,3607.0,3534.0,4012.0,914.0,953.0,985.0,23097.0,4840.0,4984.0,4146.0,1095.0,27868.0,4859.0,5009.0,3956.0,1178.0,12888.0,4887.0,5235.0,4291.0,1248.0,25071.0,4464.0,5721.0,4214.0,1203.0,27508.0,5620.0,5760.0,4617.0,1422.0,20436.0,5551.0,5678.0,4565.0,1498.0,249.0,258.0,259.0
9:18:15,30.1,11388.0,11784.0,14676.0,5230.0,5541.0,5383.0,4825.0,5590.0,5449.0,4155.0,4423.0,4260.0,1551.0,1559.0,1625.0,18245.0,18102.0,17013.0,5872.0,6029.0,5747.0,4862.0,5109.0,5395.0,4156.0,4591.0,4735.0,1066.0,1333.0,1094.0,13407.0,12223.0,14561.0,4591.0,4780.0,4744.0,4453.0,3969.0,4392.0,3653.0,3188.0,3706.0,926.0,1004.0,948.0,21723.0,25145.0,14982.0,4677.0,4682.0,4644.0,3768.0,4157.0,4189.0,3583.0,3554.0,3982.0,893.0,956.0,972.0,22610.0,4825.0,4992.0,4092.0,1091.0,29869.0,4828.0,4956.0,3909.0,1163.0,13031.0,4867.0,5231.0,4280.0,1247.0,24790.0,4441.0,5661.0,4225.0,1184.0,26877.0,5609.0,5729.0,4604.0,1397.0,19874.0,5458.0,5651.0,4530.0,1501.0,254.0,256.0,259.0
9:28:15,30.0,11099.0,11757.0,14488.0,5229.0,5557.0,5361.0,4783.0,5582.0,5431.0,4155.0,4449.0,4211.0,1559.0,1535.0,1613.0,18169.0,17917.0,16838.0,5874.0,5989.0,5715.0,4819.0,5130.0,5369.0,4165.0,4530.0,4697.0,1043.0,1321.0,1081.0,13174.0,12217.0,14504.0,4622.0,4775.0,4746.0,4477.0,3997.0,4357.0,3645.0,3192.0,3719.0,909.0,985.0,942.0,21217.0,24724.0,14682.0,4671.0,4697.0,4629.0,3761.0,4162.0,4174.0,3580.0,3547.0,3984.0,875.0,932.0,969.0,22705.0,4848.0,4996.0,4106.0,1075.0,32300.0,4826.0,5021.0,3960.0,1147.0,14168.0,4869.0,5270.0,4268.0,1222.0,24593.0,4430.0,5669.0,4240.0,1171.0,26852.0,5606.0,5720.0,4613.0,1375.0,19622.0,5448.0,5644.0,4520.0,1483.0,254.0,262.0,265.0
9:38:15,30.0,10997.0,11795.0,14265.0,5263.0,5568.0,5378.0,4826.0,5577.0,5457.0,4103.0,4418.0,4243.0,1544.0,1534.0,1601.0,17908.0,17832.0,16689.0,5890.0,6005.0,5674.0,4761.0,5109.0,5344.0,4165.0,4524.0,4720.0,1044.0,1306.0,1061.0,13105.0,12116.0,14240.0,4592.0,4751.0,4735.0,4452.0,3996.0,4361.0,3648.0,3193.0,3679.0,898.0,979.0,933.0,20888.0,24202.0,14389.0,4656.0,4691.0,4651.0,3753.0,4117.0,4175.0,3544.0,3539.0,3998.0,863.0,930.0,959.0,22266.0,4811.0,4983.0,4072.0,1073.0,33601.0,4806.0,5005.0,3945.0,1140.0,15172.0,4847.0,5211.0,4277.0,1195.0,24333.0,4393.0,5704.0,4213.0,1154.0,26288.0,5579.0,5699.0,4593.0,1358.0,19411.0,5463.0,5636.0,4561.0,1479.0,250.0,269.0,261.0
9:48:15,30.0,10662.0,11641.0,14101.0,5278.0,5566.0,5364.0,4806.0,5628.0,5417.0,4106.0,4439.0,4238.0,1530.0,1512.0,1592.0,17740.0,17767.0,16583.0,5874.0,6029.0,5695.0,4815.0,5121.0,5401.0,4163.0,4544.0,4742.0,1021.0,1296.0,1044.0,13070.0,12157.0,14182.0,4591.0,4737.0,4719.0,4496.0,3977.0,4372.0,3630.0,3201.0,3719.0,906.0,964.0,927.0,20449.0,23780.0,14340.0,4663.0,4673.0,4634.0,3786.0,4154.0,4180.0,3552.0,3553.0,4023.0,868.0,905.0,939.0,22148.0,4755.0,5023.0,4090.0,1068.0,33321.0,4832.0,5025.0,3904.0,1126.0,17652.0,4837.0,5315.0,4236.0,1199.0,24116.0,4460.0,5709.0,4209.0,1139.0,26104.0,5634.0,5776.0,4614.0,1338.0,19206.0,5470.0,5691.0,4533.0,1466.0,257.0,257.0,262.0
9:58:15,30.0,10591.0,11634.0,14026.0,5239.0,5553.0,5352.0,4819.0,5658.0,5473.0,4175.0,4425.0,4220.0,1535.0,1495.0,1588.0,17633.0,17721.0,16388.0,5863.0,5951.0,5669.0,4774.0,5099.0,5414.0,4154.0,4558.0,4697.0,1023.0,1283.0,1029.0,13052.0,12104.0,14070.0,4603.0,4768.0,4773.0,4454.0,4008.0,4344.0,3651.0,3215.0,3679.0,892.0,970.0,927.0,20189.0,23444.0,14142.0,4688.0,4690.0,4662.0,3769.0,4166.0,4169.0,3557.0,3509.0,3987.0,857.0,917.0,913.0,21924.0,4738.0,4973.0,4067.0,1060.0,34119.0,4833.0,5019.0,3916.0,1117.0,20543.0,4831.0,5292.0,4239.0,1189.0,23995.0,4474.0,5690.0,4200.0,1114.0,26038.0,5609.0,5764.0,4611.0,1335.0,18934.0,5436.0,5674.0,4533.0,1445.0,257.0,250.0,260.0
10:08:15,30.0,10278.0,11576.0,13884.0,5265.0,5566.0,5327.0,4836.0,5604.0,5436.0,4133.0,4441.0,4252.0,1501.0,1484.0,1579.0,17482.0,17524.0,16381.0,5829.0,5951.0,5687.0,4829.0,5166.0,5377.0,4175.0,4548.0,4705.0,1017.0,1273.0,1027.0,12978.0,12130.0,14096.0,4645.0,4731.0,4748.0,4461.0,3972.0,4402.0,3674.0,3074.0,3691.0,862.0,953.0,920.0,19874.0,23363.0,13930.0,4687.0,4623.0,4602.0,3755.0,4153.0,4155.0,3524.0,3530.0,4003.0,850.0,897.0,928.0,21815.0,4776.0,4958.0,4055.0,1047.0,33793.0,4783.0,5006.0,3920.0,1098.0,22775.0,4813.0,5336.0,4248.0,1176.0,23672.0,4367.0,5676.0,4171.0,1111.0,25611.0,5567.0,5768.0,4604.0,1308.0,18668.0,5399.0,5685.0,4516.0,1424.0,250.0,255.0,260.0
10:18:15,30.0,10218.0,11494.0,13643.0,5244.0,5512.0,5340.0,4774.0,5621.0,5488.0,4140.0,4394.0,4243.0,1498.0,1472.0,1558.0,17426.0,17343.0,16299.0,5818.0,5905.0,5631.0,4785.0,5070.0,5354.0,4119.0,4511.0,4698.0,1009.0,1244.0,1012.0,12820.0,11995.0,13911.0,4570.0,4703.0,4735.0,4412.0,3974.0,4403.0,3634.0,3167.0,3679.0,880.0,938.0,908.0,19513.0,22981.0,13905.0,4667.0,4668.0,4577.0,3730.0,4129.0,4112.0,3545.0,3529.0,3955.0,845.0,885.0,910.0,21451.0,4722.0,5013.0,4033.0,1036.0,35844.0,4761.0,4961.0,3901.0,1081.0,23760.0,4771.0,5261.0,4229.0,1181.0,23502.0,4056.0,5701.0,4197.0,1093.0,25217.0,5576.0,5739.0,4585.0,1287.0,18498.0,5422.0,5610.0,4477.0,1413.0,256.0,265.0,260.0
10:28:15,30.1,9922.0,11332.0,13463.0,5199.0,5497.0,5293.0,4794.0,5540.0,5435.0,4098.0,4391.0,4202.0,1482.0,1470.0,1561.0,17169.0,17192.0,15913.0,5802.0,5910.0,5664.0,4790.0,5048.0,5345.0,4120.0,4480.0,4680.0,986.0,1258.0,1011.0,12594.0,11931.0,13770.0,4561.0,4681.0,4688.0,4403.0,3924.0,4373.0,3667.0,3144.0,3668.0,850.0,934.0,889.0,19433.0,22608.0,13800.0,4610.0,4632.0,4582.0,3730.0,4144.0,4126.0,3537.0,3509.0,3925.0,849.0,888.0,900.0,21053.0,4764.0,4959.0,4039.0,1028.0,35219.0,4806.0,4964.0,3870.0,1080.0,25474.0,4755.0,5282.0,4177.0,1156.0,23297.0,3874.0,5656.0,4169.0,1090.0,25094.0,5474.0,5727.0,4552.0,1280.0,18251.0,5406.0,5537.0,4497.0,1399.0,257.0,259.0,264.0
10:38:15,30.0,9581.0,11307.0,13374.0,5220.0,5499.0,5280.0,4794.0,5549.0,5441.0,4089.0,4364.0,4174.0,1473.0,1462.0,1544.0,17086.0,16926.0,15777.0,5785.0,5893.0,5653.0,4730.0,5046.0,5334.0,4093.0,4493.0,4676.0,970.0,1231.0,989.0,12526.0,11871.0,13532.0,4541.0,4684.0,4702.0,4410.0,3984.0,4352.0,3601.0,3151.0,3660.0,847.0,933.0,885.0,19129.0,22341.0,13494.0,4616.0,4636.0,4574.0,3740.0,4108.0,4122.0,3511.0,3497.0,3929.0,836.0,876.0,881.0,20878.0,4680.0,4962.0,4039.0,1003.0,35671.0,4733.0,4960.0,3878.0,1073.0,26142.0,4718.0,5280.0,4175.0,1136.0,23094.0,3845.0,5642.0,4157.0,1080.0,24598.0,5467.0,5734.0,4560.0,1267.0,18026.0,5403.0,5568.0,4424.0,1375.0,254.0,260.0,262.0
10:48:15,30.1,9428.0,11161.0,13081.0,5164.0,5459.0,5256.0,4741.0,5507.0,5447.0,4057.0,4376.0,4162.0,1438.0,1431.0,1533.0,16816.0,16730.0,15581.0,5738.0,5853.0,5600.0,4681.0,5016.0,5323.0,4101.0,4480.0,4636.0,958.0,1226.0,983.0,12348.0,11773.0,13475.0,4500.0,4642.0,4634.0,4391.0,3951.0,4347.0,3577.0,3121.0,3596.0,834.0,928.0,864.0,18749.0,21885.0,13508.0,4580.0,4574.0,4537.0,3685.0,4071.0,4084.0,3461.0,3465.0,3925.0,820.0,869.0,880.0,20528.0,4668.0,4915.0,3962.0,992.0,35133.0,4700.0,4926.0,3827.0,1070.0,26251.0,4689.0,5196.0,4197.0,1104.0,22746.0,3826.0,5605.0,4113.0,1050.0,24464.0,5417.0,5672.0,4568.0,1235.0,17707.0,5323.0,5567.0,4451.0,1346.0,256.0,264.0,264.0
10:58:15,30.0,9149.0,11017.0,12924.0,5177.0,5424.0,5278.0,4751.0,5494.0,5418.0,4045.0,4327.0,4167.0,1439.0,1405.0,1495.0,16581.0,16584.0,15420.0,5664.0,5824.0,5598.0,4697.0,4987.0,5271.0,4070.0,4446.0,4584.0,944.0,1200.0,955.0,12133.0,11621.0,13197.0,4491.0,4607.0,4630.0,4363.0,3955.0,4369.0,3541.0,3105.0,3620.0,829.0,900.0,857.0,18604.0,21616.0,13389.0,4585.0,4566.0,4493.0,3640.0,4002.0,4060.0,3484.0,3459.0,3864.0,807.0,850.0,853.0,20337.0,4703.0,4897.0,3985.0,981.0,33206.0,4661.0,4926.0,3777.0,1053.0,25698.0,4707.0,5233.0,4117.0,1111.0,22475.0,3739.0,5586.0,4113.0,1042.0,24225.0,5431.0,5638.0,4518.0,1241.0,17561.0,5253.0,5534.0,4411.0,1321.0,254.0,257.0,255.0
11:08:15,30.1,8937.0,11004.0,12654.0,5167.0,5420.0,5237.0,4717.0,5503.0,5402.0,4017.0,4308.0,4112.0,1414.0,1411.0,1494.0,16565.0,16496.0,15319.0,5600.0,5782.0,5608.0,4628.0,5003.0,5262.0,4088.0,4431.0,4540.0,943.0,1191.0,973.0,12146.0,11438.0,13182.0,4479.0,4593.0,4656.0,4347.0,3956.0,4320.0,3572.0,3098.0,3628.0,830.0,896.0,855.0,18341.0,21431.0,13171.0,4576.0,4555.0,4557.0,3631.0,4042.0,4062.0,3466.0,3448.0,3871.0,801.0,850.0,848.0,20230.0,4622.0,4902.0,3955.0,967.0,34486.0,4626.0,4877.0,3803.0,1036.0,24772.0,4659.0,5196.0,4111.0,1096.0,22440.0,3766.0,5542.0,4075.0,1025.0,23913.0,5401.0,5619.0,4491.0,1224.0,17182.0,5267.0,5499.0,4428.0,1317.0,249.0,256.0,261.0
11:18:15,30.0,8834.0,10914.0,12615.0,5149.0,5412.0,5209.0,4720.0,5509.0,5387.0,4034.0,4326.0,4161.0,1413.0,1385.0,1493.0,16378.0,16318.0,15197.0,5651.0,5774.0,5615.0,4687.0,4958.0,5290.0,4047.0,4396.0,4567.0,940.0,1198.0,953.0,12087.0,11427.0,13074.0,4488.0,4587.0,4587.0,4351.0,3967.0,4320.0,3558.0,3094.0,3590.0,826.0,885.0,854.0,18280.0,21203.0,13056.0,4570.0,4569.0,4526.0,3644.0,4016.0,4056.0,3466.0,3427.0,3894.0,794.0,829.0,845.0,20039.0,4617.0,4874.0,3960.0,966.0,32720.0,4596.0,4897.0,3812.0,1022.0,22552.0,4630.0,5182.0,4093.0,1101.0,22078.0,3764.0,5571.0,4095.0,1006.0,23829.0,5377.0,5637.0,4476.0,1193.0,17051.0,5220.0,5498.0,4410.0,1300.0,258.0,247.0,260.0
11:28:15,30.0,8684.0,10913.0,12549.0,5212.0,5393.0,5246.0,4716.0,5518.0,5395.0,4027.0,4350.0,4155.0,1403.0,1390.0,1475.0,16329.0,16260.0,15100.0,5641.0,5731.0,5587.0,4681.0,4968.0,5288.0,4031.0,4406.0,4570.0,933.0,1189.0,947.0,12089.0,11332.0,12957.0,4479.0,4580.0,4649.0,4379.0,3900.0,4325.0,3553.0,3104.0,3622.0,816.0,873.0,841.0,18176.0,21057.0,13052.0,4571.0,4564.0,4575.0,3649.0,4029.0,4052.0,3433.0,3426.0,3844.0,774.0,846.0,844.0,19941.0,4628.0,4888.0,3913.0,962.0,34213.0,4630.0,4896.0,3782.0,1030.0,20338.0,4634.0,5195.0,4140.0,1084.0,22228.0,3760.0,5561.0,4054.0,1003.0,23465.0,5410.0,5673.0,4488.0,1184.0,16993.0,5226.0,5560.0,4396.0,1287.0,256.0,262.0,262.0
11:38:15,30.1,8503.0,10933.0,12360.0,5168.0,5425.0,5193.0,4743.0,5520.0,5368.0,4020.0,4338.0,4133.0,1394.0,1380.0,1476.0,16171.0,16186.0,15016.0,5624.0,5731.0,5531.0,4664.0,4978.0,5277.0,4025.0,4416.0,4576.0,914.0,1159.0,923.0,11915.0,11288.0,12814.0,4479.0,4622.0,4608.0,4356.0,3901.0,4328.0,3529.0,3084.0,3625.0,793.0,868.0,822.0,18023.0,21033.0,12979.0,4549.0,4544.0,4519.0,3642.0,3994.0,4028.0,3451.0,3411.0,3832.0,770.0,820.0,822.0,19793.0,4587.0,4906.0,3932.0,959.0,32727.0,4630.0,4920.0,3800.0,1025.0,19021.0,4646.0,5185.0,4102.0,1089.0,22028.0,3718.0,5613.0,4051.0,983.0,23373.0,5415.0,5596.0,4463.0,1172.0,16824.0,5251.0,5491.0,4398.0,1284.0,252.0,258.0,260.0
11:48:15,30.0,8280.0,10623.0,12105.0,5175.0,5419.0,5233.0,4724.0,5497.0,5375.0,4028.0,4297.0,4169.0,1381.0,1368.0,1448.0,16153.0,16093.0,14836.0,5594.0,5686.0,5512.0,4654.0,4963.0,5275.0,4043.0,4408.0,4555.0,908.0,1144.0,924.0,11844.0,11176.0,12694.0,4452.0,4547.0,4569.0,4333.0,3919.0,4345.0,3527.0,3116.0,3589.0,798.0,871.0,828.0,17823.0,20875.0,12820.0,4562.0,4536.0,4502.0,3630.0,4022.0,4028.0,3445.0,3412.0,3820.0,768.0,826.0,824.0,19616.0,4538.0,4859.0,3936.0,939.0,32084.0,4601.0,4892.0,3762.0,1017.0,18714.0,4614.0,5215.0,4106.0,1071.0,21763.0,3686.0,5587.0,4068.0,986.0,23336.0,5335.0,5638.0,4466.0,1158.0,16693.0,5165.0,5446.0,4399.0,1261.0,256.0,259.0,262.0
11:58:15,30.0,8200.0,10506.0,12018.0,5177.0,5434.0,5162.0,4708.0,5482.0,5396.0,4035.0,4310.0,4126.0,1374.0,1365.0,1429.0,16008.0,15993.0,14791.0,5581.0,5714.0,5499.0,4687.0,4918.0,5270.0,4009.0,4392.0,4537.0,887.0,1149.0,922.0,11858.0,11089.0,12641.0,4533.0,4510.0,4590.0,4319.0,3946.0,4332.0,3530.0,3099.0,3543.0,791.0,861.0,822.0,17712.0,20551.0,12699.0,4563.0,4521.0,4483.0,3634.0,3982.0,4010.0,3437.0,3394.0,3831.0,771.0,809.0,821.0,19493.0,4568.0,4864.0,3909.0,930.0,31028.0,4552.0,4873.0,3786.0,985.0,17702.0,4604.0,5178.0,4065.0,1071.0,21632.0,3707.0,5509.0,4078.0,964.0,22913.0,5341.0,5623.0,4437.0,1157.0,16339.0,5211.0,5502.0,4374.0,1218.0,253.0,260.0,264.0
12:08:15,30.1,7973.0,10407.0,11889.0,5189.0,5373.0,5170.0,4740.0,5479.0,5385.0,4048.0,4292.0,4123.0,1346.0,1352.0,1426.0,15874.0,15792.0,14706.0,5539.0,5649.0,5494.0,4633.0,4936.0,5219.0,3985.0,4364.0,4544.0,883.0,1114.0,905.0,11685.0,11051.0,12556.0,4494.0,4535.0,4560.0,4296.0,3927.0,4324.0,3515.0,3070.0,3573.0,788.0,867.0,806.0,17523.0,20450.0,12723.0,4541.0,4478.0,4492.0,3564.0,3966.0,3996.0,3418.0,3396.0,3787.0,751.0,799.0,813.0,19213.0,4540.0,4845.0,3913.0,928.0,29321.0,4577.0,4866.0,3745.0,981.0,16901.0,4561.0,5121.0,4082.0,1031.0,21635.0,3698.0,5532.0,4038.0,959.0,22828.0,5297.0,5611.0,4451.0,1143.0,16205.0,5121.0,5453.0,4359.0,1237.0,254.0,256.0,250.0
12:18:15,30.1,7845.0,10428.0,11908.0,5170.0,5341.0,5103.0,4709.0,5476.0,5356.0,3960.0,4262.0,4104.0,1367.0,1332.0,1428.0,15795.0,15623.0,14572.0,5544.0,5609.0,5432.0,4591.0,4892.0,5205.0,3975.0,4366.0,4509.0,864.0,1108.0,890.0,11486.0,10950.0,12336.0,4506.0,4493.0,4539.0,4314.0,3924.0,4316.0,3486.0,3082.0,3523.0,764.0,845.0,791.0,17369.0,20194.0,12530.0,4525.0,4520.0,4418.0,3577.0,3947.0,3979.0,3408.0,3411.0,3769.0,743.0,795.0,797.0,19117.0,4441.0,4827.0,3872.0,912.0,31225.0,4549.0,4873.0,3728.0,971.0,15936.0,4560.0,5162.0,4049.0,1034.0,21427.0,3751.0,5494.0,4004.0,942.0,22560.0,5258.0,5563.0,4426.0,1121.0,16083.0,5147.0,5509.0,4322.0,1204.0,255.0,257.0,260.0
12:28:15,30.1,7634.0,10397.0,11687.0,5156.0,5362.0,5084.0,4672.0,5447.0,5300.0,3921.0,4219.0,4064.0,1333.0,1320.0,1413.0,15575.0,15510.0,14373.0,5485.0,5535.0,5416.0,4552.0,4846.0,5195.0,3955.0,4306.0,4472.0,861.0,1109.0,892.0,11363.0,10796.0,12285.0,4452.0,4497.0,4515.0,4265.0,3894.0,4316.0,3462.0,3035.0,3529.0,764.0,830.0,785.0,17112.0,19870.0,12324.0,4477.0,4454.0,4423.0,3549.0,3937.0,3956.0,3393.0,3362.0,3750.0,744.0,781.0,791.0,18878.0,4417.0,4780.0,3875.0,905.0,31789.0,4535.0,4828.0,3701.0,969.0,16531.0,4535.0,5125.0,4023.0,1013.0,21175.0,3578.0,5477.0,3962.0,919.0,22309.0,5210.0,5593.0,4380.0,1113.0,15792.0,5126.0,5447.0,4311.0,1175.0,251.0,260.0,261.0
12:38:15,30.1,7343.0,10636.0,11477.0,5095.0,5290.0,5050.0,4673.0,5418.0,5325.0,3960.0,4210.0,4026.0,1319.0,1324.0,1396.0,15480.0,15462.0,14272.0,5465.0,5542.0,5356.0,4547.0,4818.0,5142.0,3919.0,4308.0,4424.0,857.0,1094.0,867.0,11256.0,10758.0,12184.0,4416.0,4460.0,4482.0,4249.0,3875.0,4225.0,3476.0,3043.0,3478.0,763.0,821.0,796.0,16962.0,19673.0,12194.0,4448.0,4448.0,4364.0,3518.0,3894.0,3906.0,3333.0,3313.0,3726.0,721.0,767.0,773.0,18710.0,4413.0,4787.0,3843.0,907.0,35288.0,4461.0,4827.0,3664.0,945.0,16725.0,4439.0,5082.0,3988.0,1007.0,21088.0,3380.0,5469.0,3994.0,900.0,22221.0,5165.0,5540.0,4326.0,1120.0,15513.0,5090.0,5397.0,4268.0,1173.0,245.0,265.0,259.0
12:48:15,30.1,7217.0,10766.0,11340.0,5083.0,5324.0,5038.0,4607.0,5404.0,5279.0,3941.0,4210.0,4036.0,1303.0,1299.0,1377.0,15501.0,15331.0,14183.0,5389.0,5529.0,5303.0,4511.0,4837.0,5143.0,3913.0,4309.0,4441.0,850.0,1081.0,875.0,11206.0,10643.0,12125.0,4459.0,4426.0,4489.0,4242.0,3873.0,4266.0,3439.0,3006.0,3478.0,750.0,807.0,786.0,16790.0,19686.0,12035.0,4435.0,4437.0,4361.0,3502.0,3881.0,3917.0,3363.0,3338.0,3736.0,720.0,765.0,778.0,18524.0,4412.0,4770.0,3846.0,885.0,30998.0,4436.0,4794.0,3647.0,957.0,17951.0,4479.0,5106.0,4010.0,985.0,20796.0,3332.0,5469.0,3982.0,890.0,22074.0,5202.0,5529.0,4396.0,1106.0,15407.0,5091.0,5413.0,4282.0,1150.0,250.0,263.0,259.0
12:58:15,30.0,7109.0,10702.0,11304.0,5101.0,5321.0,5078.0,4617.0,5397.0,5279.0,3918.0,4190.0,4052.0,1317.0,1310.0,1382.0,15360.0,15358.0,14077.0,5418.0,5536.0,5316.0,4519.0,4848.0,5076.0,3906.0,4267.0,4435.0,839.0,1070.0,868.0,11215.0,10588.0,11986.0,4397.0,4432.0,4464.0,4264.0,3866.0,4270.0,3459.0,3010.0,3466.0,746.0,810.0,775.0,16688.0,19365.0,11935.0,4433.0,4422.0,4309.0,3522.0,3857.0,3904.0,3356.0,3316.0,3725.0,711.0,759.0,766.0,18368.0,4409.0,4801.0,3843.0,874.0,31555.0,4412.0,4766.0,3640.0,944.0,18086.0,4458.0,5065.0,3933.0,974.0,20784.0,3233.0,5449.0,3952.0,902.0,21878.0,5169.0,5574.0,4351.0,1096.0,15255.0,5044.0,5435.0,4275.0,1161.0,252.0,253.0,261.0
13:08:15,30.0,6868.0,10626.0,11198.0,5113.0,5293.0,5023.0,4638.0,5406.0,5305.0,3941.0,4204.0,4026.0,1283.0,1282.0,1364.0,15297.0,15208.0,14013.0,5439.0,5533.0,5337.0,4514.0,4824.0,5076.0,3873.0,4256.0,4423.0,833.0,1056.0,835.0,11101.0,10497.0,11962.0,4388.0,4431.0,4461.0,4251.0,3835.0,4285.0,3452.0,2987.0,3478.0,739.0,805.0,769.0,16606.0,19335.0,11820.0,4421.0,4421.0,4324.0,3516.0,3901.0,3900.0,3337.0,3317.0,3726.0,700.0,760.0,768.0,18433.0,4383.0,4763.0,3828.0,859.0,31893.0,4447.0,4790.0,3654.0,933.0,18804.0,4445.0,5086.0,3960.0,982.0,20728.0,3289.0,5432.0,3949.0,876.0,21839.0,5173.0,5524.0,4330.0,1078.0,15127.0,5012.0,5384.0,4259.0,1146.0,259.0,258.0,260.0
13:18:15,30.0,6644.0,10531.0,11192.0,5152.0,5289.0,5003.0,4628.0,5409.0,5303.0,3928.0,4221.0,4036.0,1288.0,1287.0,1364.0,15199.0,15077.0,14002.0,5363.0,5532.0,5326.0,4505.0,4789.0,5178.0,3910.0,4274.0,4432.0,819.0,1061.0,840.0,11082.0,10517.0,11770.0,4361.0,4412.0,4468.0,4242.0,3869.0,4250.0,3465.0,3013.0,3449.0,729.0,797.0,759.0,16539.0,19223.0,11692.0,4461.0,4418.0,4324.0,3519.0,3857.0,3881.0,3320.0,3324.0,3705.0,712.0,751.0,764.0,18361.0,4366.0,4769.0,3790.0,866.0,34606.0,4413.0,4789.0,3649.0,926.0,18835.0,4445.0,5138.0,3996.0,949.0,20698.0,3281.0,5444.0,3985.0,850.0,21651.0,5124.0,5538.0,4375.0,1073.0,14921.0,5013.0,5363.0,4227.0,1113.0,262.0,254.0,262.0
13:28:15,30.0,6485.0,10496.0,11068.0,5106.0,5258.0,4975.0,4635.0,5407.0,5295.0,3911.0,4205.0,4038.0,1272.0,1279.0,1373.0,15207.0,15036.0,13869.0,5344.0,5495.0,5298.0,4472.0,4771.0,5118.0,3915.0,4281.0,4419.0,825.0,1037.0,827.0,10958.0,10368.0,11846.0,4349.0,4429.0,4447.0,4240.0,3855.0,4297.0,3451.0,2970.0,3439.0,738.0,790.0,754.0,16466.0,19083.0,11595.0,4426.0,4444.0,4293.0,3478.0,3856.0,3900.0,3318.0,3326.0,3709.0,704.0,757.0,770.0,18249.0,4386.0,4790.0,3794.0,854.0,30495.0,4389.0,4744.0,3627.0,912.0,18806.0,4439.0,5074.0,3931.0,945.0,20574.0,3288.0,5429.0,3941.0,858.0,21495.0,5123.0,5560.0,4353.0,1064.0,14799.0,5036.0,5360.0,4224.0,1101.0,256.0,267.0,263.0
13:38:15,30.0,6376.0,10441.0,10868.0,5138.0,5279.0,4969.0,4585.0,5401.0,5288.0,3947.0,4176.0,3997.0,1262.0,1257.0,1351.0,15110.0,14930.0,13864.0,5349.0,5437.0,5275.0,4470.0,4753.0,5123.0,3901.0,4214.0,4385.0,813.0,1043.0,819.0,10875.0,10352.0,11644.0,4368.0,4359.0,4478.0,4261.0,3848.0,4264.0,3401.0,2996.0,3447.0,729.0,791.0,754.0,16179.0,18990.0,11485.0,4412.0,4402.0,4304.0,3457.0,3821.0,3899.0,3288.0,3275.0,3655.0,702.0,746.0,748.0,18056.0,4354.0,4743.0,3771.0,852.0,29853.0,4403.0,4721.0,3597.0,921.0,19548.0,4428.0,5074.0,3898.0,934.0,20457.0,3274.0,5377.0,3917.0,831.0,21437.0,5063.0,5524.0,4320.0,1045.0,14482.0,4970.0,5361.0,4267.0,1090.0,254.0,266.0,269.0
13:48:15,30.1,6276.0,10385.0,10755.0,5106.0,5234.0,4939.0,4576.0,5328.0,5260.0,3893.0,4145.0,3991.0,1244.0,1247.0,1338.0,15012.0,14871.0,13743.0,5333.0,5428.0,5214.0,4435.0,4717.0,5060.0,3862.0,4225.0,4398.0,805.0,1039.0,810.0,10843.0,10274.0,11562.0,4339.0,4381.0,4425.0,4256.0,3796.0,4284.0,3384.0,2950.0,3408.0,716.0,794.0,736.0,16144.0,18862.0,11301.0,4399.0,4369.0,4282.0,3482.0,3842.0,3849.0,3285.0,3309.0,3686.0,680.0,742.0,749.0,17886.0,4298.0,4725.0,3777.0,841.0,32640.0,4386.0,4767.0,3586.0,906.0,20241.0,4410.0,5037.0,3927.0,927.0,20399.0,3217.0,5362.0,3934.0,840.0,21244.0,5039.0,5489.0,4304.0,1034.0,14442.0,4934.0,5295.0,4218.0,1099.0,252.0,251.0,259.0
13:58:15,30.1,6127.0,10272.0,10698.0,5082.0,5227.0,4946.0,4537.0,5330.0,5261.0,3846.0,4161.0,3970.0,1240.0,1250.0,1318.0,14934.0,14865.0,13612.0,5283.0,5395.0,5167.0,4413.0,4716.0,5097.0,3808.0,4184.0,4384.0,795.0,1013.0,809.0,10725.0,10153.0,11477.0,4324.0,4359.0,4385.0,4200.0,3806.0,4254.0,3388.0,2930.0,3412.0,718.0,777.0,743.0,16057.0,18672.0,11129.0,4378.0,4396.0,4293.0,3471.0,3829.0,3817.0,3269.0,3264.0,3672.0,679.0,739.0,730.0,17817.0,4289.0,4705.0,3743.0,821.0,29705.0,4369.0,4720.0,3614.0,880.0,20161.0,4357.0,5050.0,3887.0,917.0,20211.0,3150.0,5360.0,3897.0,821.0,21281.0,5047.0,5508.0,4308.0,1028.0,14202.0,4894.0,5300.0,4189.0,1084.0,254.0,259.0,257.0
14:08:15,30.1,5936.0,10176.0,10431.0,5056.0,5207.0,4904.0,4514.0,5311.0,5240.0,3837.0,4122.0,3948.0,1221.0,1229.0,1303.0,14744.0,14722.0,13469.0,5240.0,5355.0,5177.0,4398.0,4694.0,5037.0,3810.0,4199.0,4336.0,784.0,1007.0,791.0,10603.0,9970.0,11415.0,4264.0,4332.0,4430.0,4137.0,3790.0,4253.0,3376.0,2935.0,3377.0,695.0,763.0,742.0,15842.0,18477.0,11000.0,4328.0,4321.0,4249.0,3431.0,3780.0,3782.0,3259.0,3254.0,3651.0,678.0,721.0,729.0,17623.0,4264.0,4660.0,3700.0,816.0,30758.0,4345.0,4711.0,3549.0,875.0,19877.0,4350.0,5011.0,3881.0,913.0,20140.0,3313.0,5372.0,3841.0,826.0,20869.0,4988.0,5470.0,4269.0,1015.0,14058.0,4916.0,5263.0,4182.0,1065.0,250.0,258.0,259.0
14:18:15,30.1,5745.0,9979.0,10326.0,5026.0,5194.0,4871.0,4499.0,5266.0,5227.0,3843.0,4094.0,3924.0,1194.0,1203.0,1286.0,14663.0,14526.0,13375.0,5215.0,5289.0,5127.0,4348.0,4662.0,4999.0,3776.0,4135.0,4304.0,785.0,1009.0,798.0,10459.0,9989.0,11219.0,4214.0,4251.0,4380.0,4129.0,3758.0,4219.0,3369.0,2894.0,3373.0,707.0,762.0,728.0,15594.0,18285.0,10725.0,4341.0,4363.0,4217.0,3368.0,3779.0,3805.0,3246.0,3189.0,3606.0,681.0,717.0,728.0,17553.0,4215.0,4633.0,3714.0,816.0,32010.0,4243.0,4707.0,3525.0,865.0,19493.0,4300.0,4976.0,3823.0,899.0,19909.0,2937.0,5323.0,3852.0,813.0,20789.0,4975.0,5413.0,4249.0,988.0,13839.0,4828.0,5241.0,4187.0,1047.0,250.0,253.0,263.0
14:28:15,30.0,5865.0,9995.0,10286.0,5006.0,5149.0,4822.0,4487.0,5233.0,5247.0,3837.0,4074.0,3921.0,1201.0,1207.0,1293.0,14647.0,14412.0,13257.0,5221.0,5307.0,5079.0,4350.0,4645.0,5000.0,3742.0,4116.0,4286.0,776.0,996.0,784.0,10481.0,9860.0,11136.0,4221.0,4234.0,4391.0,4093.0,3723.0,4182.0,3333.0,2884.0,3316.0,685.0,745.0,725.0,15442.0,18124.0,10649.0,4314.0,4310.0,4214.0,3373.0,3738.0,3765.0,3222.0,3200.0,3592.0,660.0,708.0,715.0,17349.0,4228.0,4652.0,3691.0,806.0,28945.0,4269.0,4675.0,3522.0,878.0,19098.0,4281.0,4915.0,3811.0,879.0,19924.0,2893.0,5265.0,3838.0,795.0,20743.0,4970.0,5450.0,4219.0,984.0,13658.0,4788.0,5280.0,4134.0,1048.0,252.0,258.0,265.0
14:38:15,30.0,5816.0,9902.0,10144.0,4990.0,5152.0,4814.0,4480.0,5276.0,5201.0,3806.0,4052.0,3888.0,1198.0,1178.0,1296.0,14473.0,14409.0,13272.0,5186.0,5315.0,5047.0,4290.0,4630.0,4995.0,3708.0,4104.0,4260.0,768.0,981.0,771.0,10414.0,9834.0,11089.0,4187.0,4226.0,4337.0,4093.0,3723.0,4216.0,3334.0,2876.0,3348.0,689.0,740.0,714.0,15358.0,18033.0,10667.0,4272.0,4304.0,4194.0,3361.0,3718.0,3750.0,3209.0,3210.0,3610.0,662.0,706.0,694.0,17390.0,4180.0,4627.0,3656.0,799.0,31304.0,4191.0,4669.0,3499.0,851.0,18930.0,4286.0,4967.0,3829.0,890.0,19778.0,2793.0,5289.0,3849.0,789.0,20541.0,4920.0,5378.0,4210.0,958.0,13528.0,4817.0,5276.0,4138.0,1030.0,252.0,253.0,257.0
14:48:15,30.0,6180.0,9912.0,10117.0,4992.0,5181.0,4794.0,4463.0,5270.0,5245.0,3830.0,4041.0,3916.0,1185.0,1199.0,1292.0,14519.0,14308.0,13175.0,5183.0,5314.0,5046.0,4317.0,4569.0,4982.0,3722.0,4103.0,4236.0,755.0,976.0,777.0,10294.0,9769.0,11054.0,4138.0,4251.0,4380.0,4062.0,3726.0,4193.0,3311.0,2856.0,3314.0,670.0,735.0,700.0,15320.0,18004.0,10415.0,4326.0,4300.0,4195.0,3348.0,3725.0,3769.0,3211.0,3176.0,3581.0,659.0,699.0,698.0,17170.0,4200.0,4606.0,3654.0,786.0,26878.0,4212.0,4663.0,3496.0,851.0,19208.0,4291.0,4890.0,3783.0,875.0,19698.0,2857.0,5300.0,3788.0,783.0,20606.0,4879.0,5506.0,4181.0,954.0,13475.0,4828.0,5227.0,4179.0,1018.0,252.0,260.0,258.0
14:58:15,30.0,6296.0,9847.0,10027.0,5056.0,5148.0,4852.0,4455.0,5234.0,5176.0,3813.0,4066.0,3887.0,1182.0,1176.0,1269.0,14436.0,14336.0,13158.0,5150.0,5262.0,5059.0,4285.0,4588.0,4964.0,3733.0,4107.0,4261.0,749.0,964.0,768.0,10280.0,9805.0,11013.0,4133.0,4309.0,4368.0,4011.0,3716.0,4224.0,3324.0,2875.0,3304.0,666.0,734.0,701.0,15259.0,17894.0,10420.0,4282.0,4296.0,4188.0,3353.0,3714.0,3765.0,3202.0,3201.0,3592.0,659.0,695.0,705.0,17221.0,4182.0,4645.0,3628.0,780.0,27332.0,4245.0,4655.0,3484.0,856.0,19168.0,4249.0,4938.0,3787.0,874.0,19742.0,2927.0,5286.0,3809.0,776.0,20507.0,4925.0,5476.0,4186.0,948.0,13252.0,4793.0,5260.0,4160.0,1016.0,261.0,266.0,257.0
15:08:15,30.0,6220.0,9803.0,9957.0,4997.0,5159.0,4823.0,4455.0,5248.0,5226.0,3821.0,4043.0,3876.0,1164.0,1173.0,1259.0,14438.0,14282.0,13095.0,5161.0,5288.0,5036.0,4299.0,4586.0,4939.0,3690.0,4078.0,4208.0,761.0,959.0,766.0,10282.0,9705.0,11000.0,4110.0,4252.0,4352.0,4027.0,3705.0,4205.0,3296.0,2859.0,3322.0,674.0,728.0,701.0,15158.0,17817.0,10310.0,4314.0,4284.0,4201.0,3355.0,3705.0,3749.0,3171.0,3140.0,3607.0,656.0,691.0,697.0,17125.0,4165.0,4599.0,3631.0,778.0,30576.0,4254.0,4622.0,3484.0,841.0,19995.0,4303.0,4912.0,3753.0,861.0,19765.0,2849.0,5244.0,3790.0,775.0,20452.0,4939.0,5446.0,4177.0,956.0,13167.0,4815.0,5227.0,4124.0,1020.0,260.0,258.0,264.0
15:18:15,30.0,5844.0,9724.0,9978.0,4997.0,5143.0,4804.0,4459.0,5254.0,5183.0,3818.0,4024.0,3899.0,1175.0,1163.0,1250.0,14357.0,14234.0,13036.0,5109.0,5212.0,5009.0,4290.0,4576.0,4915.0,3683.0,4068.0,4220.0,742.0,950.0,752.0,10154.0,9678.0,10879.0,4128.0,4263.0,4342.0,4036.0,3699.0,4176.0,3289.0,2851.0,3284.0,678.0,721.0,703.0,15051.0,17677.0,10253.0,4270.0,4263.0,4145.0,3354.0,3700.0,3738.0,3187.0,3200.0,3509.0,644.0,698.0,682.0,17024.0,4154.0,4572.0,3601.0,770.0,27173.0,4224.0,4666.0,3471.0,842.0,19942.0,4240.0,4854.0,3766.0,867.0,19699.0,2879.0,5220.0,3791.0,759.0,20263.0,4862.0,5432.0,4186.0,952.0,13145.0,4785.0,5220.0,4085.0,1001.0,254.0,262.0,269.0
15:28:15,30.0,5576.0,9633.0,9864.0,4979.0,5071.0,4813.0,4406.0,5198.0,5136.0,3773.0,4000.0,3866.0,1155.0,1152.0,1244.0,14256.0,14165.0,12851.0,5095.0,5193.0,4991.0,4255.0,4541.0,4882.0,3658.0,4079.0,4163.0,725.0,966.0,748.0,10116.0,9581.0,10800.0,4096.0,4213.0,4317.0,4010.0,3668.0,4163.0,3267.0,2819.0,3263.0,667.0,719.0,687.0,14897.0,17514.0,10145.0,4300.0,4257.0,4140.0,3329.0,3659.0,3673.0,3140.0,3147.0,3486.0,631.0,684.0,690.0,16888.0,4109.0,4558.0,3603.0,761.0,25998.0,4198.0,4631.0,3413.0,807.0,19422.0,4238.0,4862.0,3703.0,853.0,19367.0,2748.0,5244.0,3769.0,757.0,20205.0,4815.0,5425.0,4122.0,942.0,12902.0,4765.0,5170.0,4089.0,989.0,258.0,257.0,266.0
15:38:15,30.1,5530.0,9519.0,9749.0,4972.0,5114.0,4796.0,4382.0,5208.0,5177.0,3801.0,3998.0,3842.0,1134.0,1128.0,1222.0,14116.0,14046.0,12813.0,5091.0,5161.0,4950.0,4224.0,4503.0,4887.0,3661.0,4021.0,4154.0,730.0,949.0,738.0,9958.0,9504.0,10771.0,4077.0,4239.0,4321.0,3951.0,3662.0,4183.0,3245.0,2805.0,3262.0,667.0,708.0,679.0,14810.0,17413.0,10070.0,4248.0,4199.0,4110.0,3301.0,3647.0,3666.0,3164.0,3102.0,3485.0,623.0,683.0,671.0,16784.0,4108.0,4560.0,3571.0,757.0,28745.0,4178.0,4584.0,3403.0,831.0,19561.0,4210.0,4877.0,3693.0,848.0,19559.0,2770.0,5172.0,3720.0,735.0,20020.0,4835.0,5419.0,4124.0,917.0,12686.0,4705.0,5160.0,4123.0,966.0,258.0,259.0,266.0
15:48:15,30.0,5709.0,9546.0,9633.0,4978.0,5037.0,4780.0,4391.0,5125.0,5141.0,3744.0,3993.0,3817.0,1151.0,1133.0,1218.0,14037.0,13939.0,12851.0,5042.0,5118.0,4957.0,4201.0,4503.0,4847.0,3614.0,3996.0,4123.0,712.0,927.0,731.0,9930.0,9403.0,10611.0,4082.0,4181.0,4306.0,3929.0,3654.0,4126.0,3230.0,2798.0,3243.0,649.0,700.0,690.0,14749.0,17351.0,9915.0,4227.0,4199.0,4118.0,3287.0,3634.0,3648.0,3085.0,3111.0,3450.0,628.0,669.0,665.0,16559.0,4131.0,4546.0,3555.0,752.0,26098.0,4095.0,4590.0,3417.0,813.0,18901.0,4220.0,4873.0,3727.0,828.0,19296.0,2784.0,5160.0,3714.0,725.0,19911.0,4787.0,5400.0,4080.0,908.0,12570.0,4734.0,5111.0,4067.0,974.0,253.0,254.0,262.0
15:58:15,30.1,5852.0,9412.0,9556.0,4912.0,5004.0,4685.0,4310.0,5149.0,5082.0,3700.0,3922.0,3810.0,1116.0,1101.0,1208.0,13952.0,13900.0,12704.0,5045.0,5070.0,4891.0,4135.0,4457.0,4823.0,3593.0,3961.0,4057.0,706.0,902.0,708.0,9824.0,9394.0,10553.0,4054.0,4143.0,4305.0,3959.0,3614.0,4100.0,3186.0,2765.0,3204.0,629.0,697.0,669.0,14517.0,17070.0,9763.0,4212.0,4165.0,4084.0,3236.0,3589.0,3614.0,3100.0,3081.0,3396.0,614.0,649.0,662.0,16550.0,4053.0,4493.0,3510.0,739.0,26238.0,4128.0,4478.0,3363.0,806.0,18362.0,4181.0,4855.0,3658.0,812.0,19217.0,2893.0,5104.0,3714.0,717.0,19849.0,4781.0,5298.0,4082.0,905.0,12524.0,4687.0,5075.0,4046.0,953.0,252.0,259.0,261.0
16:08:15,30.1,5931.0,9427.0,9450.0,4926.0,5010.0,4699.0,4292.0,5086.0,5059.0,3660.0,3909.0,3769.0,1097.0,1095.0,1181.0,13851.0,13801.0,12613.0,4984.0,5102.0,4935.0,4121.0,4416.0,4777.0,3567.0,3910.0,4067.0,702.0,907.0,714.0,9851.0,9293.0,10446.0,4012.0,4124.0,4235.0,3915.0,3590.0,4109.0,3183.0,2762.0,3203.0,650.0,698.0,662.0,14472.0,16915.0,9681.0,4178.0,4137.0,4056.0,3241.0,3548.0,3585.0,3060.0,3068.0,3350.0,599.0,654.0,655.0,16429.0,3991.0,4486.0,3494.0,730.0,28665.0,4044.0,4511.0,3325.0,791.0,17665.0,4139.0,4821.0,3607.0,804.0,19056.0,2695.0,5113.0,3666.0,710.0,19675.0,4751.0,5308.0,4046.0,897.0,12258.0,4636.0,5052.0,3992.0,944.0,254.0,261.0,261.0
16:18:15,30.0,5927.0,9424.0,9476.0,4912.0,5007.0,4654.0,4327.0,5060.0,5066.0,3626.0,3872.0,3778.0,1123.0,1088.0,1186.0,13854.0,13693.0,12554.0,4940.0,5066.0,4879.0,4069.0,4388.0,4777.0,3532.0,3909.0,4014.0,704.0,892.0,699.0,9796.0,9198.0,10363.0,4009.0,4135.0,4219.0,3890.0,3581.0,4079.0,3171.0,2717.0,3164.0,644.0,688.0,657.0,14399.0,16870.0,9613.0,4180.0,4144.0,4064.0,3191.0,3556.0,3560.0,3052.0,3028.0,3347.0,607.0,640.0,656.0,16281.0,4056.0,4492.0,3455.0,720.0,25434.0,4080.0,4520.0,3315.0,780.0,17408.0,4126.0,4808.0,3614.0,813.0,19087.0,2623.0,5128.0,3682.0,718.0,19584.0,4721.0,5334.0,4042.0,875.0,12109.0,4611.0,5040.0,3982.0,921.0,255.0,253.0,258.0
16:28:15,30.0,5972.0,9318.0,9425.0,4908.0,4995.0,4667.0,4277.0,5070.0,5051.0,3642.0,3883.0,3716.0,1083.0,1096.0,1192.0,13738.0,13772.0,12575.0,4978.0,5030.0,4886.0,4123.0,4399.0,4731.0,3539.0,3906.0,4017.0,681.0,892.0,693.0,9761.0,9239.0,10318.0,3990.0,4123.0,4243.0,3853.0,3552.0,4093.0,3161.0,2723.0,3168.0,629.0,670.0,656.0,14299.0,16788.0,9516.0,4168.0,4128.0,4031.0,3208.0,3568.0,3597.0,3029.0,3041.0,3374.0,603.0,633.0,642.0,16316.0,4018.0,4518.0,3457.0,710.0,26395.0,4066.0,4494.0,3292.0,788.0,17647.0,4100.0,4788.0,3633.0,806.0,18992.0,2624.0,5065.0,3634.0,695.0,19429.0,4706.0,5266.0,4005.0,866.0,12035.0,4633.0,5046.0,3968.0,911.0,255.0,257.0,260.0
16:38:15,30.0,6149.0,9335.0,9402.0,4916.0,5010.0,4669.0,4280.0,5059.0,5031.0,3647.0,3878.0,3731.0,1088.0,1102.0,1187.0,13701.0,13722.0,12559.0,4971.0,5057.0,4876.0,4098.0,4363.0,4744.0,3501.0,3881.0,3971.0,697.0,880.0,689.0,9711.0,9174.0,10307.0,4050.0,4152.0,4195.0,3837.0,3609.0,4080.0,3114.0,2716.0,3143.0,634.0,680.0,648.0,14311.0,16802.0,9528.0,4177.0,4144.0,4052.0,3205.0,3553.0,3573.0,3052.0,3043.0,3355.0,594.0,635.0,645.0,16286.0,4011.0,4491.0,3421.0,706.0,27499.0,4027.0,4474.0,3307.0,791.0,17930.0,4125.0,4820.0,3636.0,798.0,18971.0,2624.0,5063.0,3651.0,708.0,19466.0,4721.0,5325.0,4002.0,859.0,11977.0,4613.0,5085.0,3940.0,901.0,256.0,248.0,255.0
16:48:15,30.1,5980.0,9309.0,9364.0,4909.0,4980.0,4656.0,4268.0,5049.0,5024.0,3621.0,3873.0,3701.0,1079.0,1096.0,1161.0,13664.0,13656.0,12430.0,4953.0,5061.0,4863.0,4042.0,4344.0,4735.0,3518.0,3870.0,3990.0,673.0,880.0,694.0,9666.0,9129.0,10313.0,3989.0,4152.0,4251.0,3875.0,3548.0,4081.0,3134.0,2680.0,3127.0,628.0,668.0,635.0,14227.0,16707.0,9441.0,4138.0,4146.0,3998.0,3177.0,3552.0,3559.0,3028.0,3016.0,3347.0,596.0,632.0,632.0,16199.0,4031.0,4482.0,3418.0,708.0,26502.0,4062.0,4489.0,3276.0,786.0,18273.0,4116.0,4873.0,3601.0,788.0,18936.0,2615.0,5067.0,3640.0,697.0,19553.0,4703.0,5317.0,4020.0,872.0,11843.0,4607.0,5031.0,4010.0,908.0,261.0,261.0,256.0
16:58:15,30.0,5984.0,9289.0,9391.0,4929.0,4983.0,4623.0,4256.0,5015.0,5023.0,3624.0,3829.0,3692.0,1075.0,1090.0,1153.0,13645.0,13639.0,12393.0,4951.0,5024.0,4864.0,4061.0,4298.0,4695.0,3445.0,3858.0,3953.0,668.0,878.0,677.0,9658.0,9151.0,10257.0,3971.0,4170.0,4224.0,3828.0,3544.0,4089.0,3106.0,2659.0,3158.0,630.0,675.0,628.0,14226.0,16733.0,9416.0,4150.0,4096.0,3995.0,3180.0,3519.0,3574.0,3019.0,3001.0,3355.0,580.0,632.0,622.0,16180.0,3996.0,4408.0,3417.0,693.0,27518.0,4063.0,4444.0,3299.0,778.0,18193.0,4105.0,4820.0,3586.0,781.0,18999.0,2623.0,5031.0,3603.0,688.0,19572.0,4684.0,5332.0,3963.0,863.0,11787.0,4588.0,5004.0,3995.0,872.0,250.0,265.0,256.0
17:08:15,30.0,6153.0,9289.0,9312.0,4918.0,4950.0,4650.0,4239.0,5034.0,5009.0,3598.0,3828.0,3706.0,1074.0,1063.0,1158.0,13618.0,13605.0,12314.0,4914.0,4985.0,4876.0,3998.0,4320.0,4666.0,3483.0,3865.0,3923.0,662.0,864.0,665.0,9657.0,9090.0,10140.0,3969.0,4120.0,4222.0,3824.0,3535.0,4087.0,3068.0,2648.0,3107.0,627.0,656.0,619.0,14097.0,16592.0,9268.0,4168.0,4115.0,4013.0,3159.0,3515.0,3540.0,3023.0,2987.0,3321.0,583.0,618.0,623.0,16064.0,4000.0,4433.0,3414.0,693.0,28562.0,4063.0,4471.0,3250.0,755.0,17013.0,4106.0,4731.0,3553.0,772.0,18811.0,2576.0,5021.0,3595.0,681.0,19363.0,4615.0,5307.0,3949.0,845.0,11715.0,4636.0,4965.0,3962.0,867.0,258.0,251.0,269.0
17:18:15,30.1,6127.0,9183.0,9199.0,4872.0,4914.0,4593.0,4183.0,5024.0,4968.0,3573.0,3778.0,3667.0,1049.0,1058.0,1130.0,13497.0,13420.0,12240.0,4941.0,5010.0,4895.0,3989.0,4261.0,4628.0,3439.0,3797.0,3891.0,656.0,839.0,670.0,9433.0,8992.0,10219.0,3966.0,4131.0,4253.0,3799.0,3505.0,4071.0,3066.0,2652.0,3098.0,615.0,647.0,624.0,13918.0,16444.0,9262.0,4160.0,4058.0,3983.0,3125.0,3460.0,3489.0,2991.0,2973.0,3362.0,578.0,619.0,628.0,15914.0,3968.0,4392.0,3407.0,689.0,26433.0,4080.0,4418.0,3247.0,761.0,17235.0,4067.0,4773.0,3530.0,781.0,18797.0,2580.0,4999.0,3598.0,685.0,19298.0,4633.0,5253.0,3936.0,830.0,11492.0,4576.0,4988.0,3939.0,856.0,262.0,260.0,262.0
17:28:15,30.1,6029.0,9194.0,9111.0,4878.0,4911.0,4620.0,4166.0,4917.0,4989.0,3514.0,3765.0,3638.0,1046.0,1037.0,1129.0,13512.0,13383.0,12230.0,4865.0,4973.0,4834.0,3944.0,4231.0,4602.0,3403.0,3753.0,3888.0,645.0,854.0,657.0,9494.0,8938.0,10063.0,3958.0,4139.0,4249.0,3748.0,3494.0,4071.0,3065.0,2632.0,3072.0,608.0,650.0,607.0,13855.0,16389.0,9136.0,4120.0,4074.0,4017.0,3122.0,3448.0,3485.0,2960.0,2965.0,3342.0,565.0,603.0,619.0,15907.0,3973.0,4351.0,3345.0,682.0,29444.0,4002.0,4419.0,3200.0,748.0,17227.0,4099.0,4703.0,3514.0,766.0,18632.0,2539.0,5012.0,3550.0,663.0,19247.0,4617.0,5253.0,3893.0,816.0,11412.0,4533.0,4995.0,3912.0,863.0,254.0,265.0,265.0
17:38:15,30.1,5876.0,9161.0,8957.0,4818.0,4910.0,4543.0,4142.0,4942.0,4961.0,3486.0,3736.0,3598.0,1030.0,1018.0,1104.0,13417.0,13321.0,12181.0,4839.0,4946.0,4800.0,3895.0,4208.0,4571.0,3366.0,3750.0,3822.0,633.0,831.0,654.0,9395.0,8813.0,9994.0,3924.0,4076.0,4171.0,3684.0,3440.0,4025.0,3016.0,2570.0,3014.0,603.0,643.0,604.0,13739.0,16154.0,9082.0,4050.0,4054.0,3987.0,3101.0,3444.0,3460.0,2911.0,2940.0,3301.0,561.0,603.0,611.0,15798.0,3982.0,4347.0,3315.0,662.0,27303.0,4000.0,4402.0,3184.0,731.0,17424.0,4029.0,4668.0,3504.0,761.0,18580.0,2550.0,4991.0,3510.0,650.0,19020.0,4590.0,5207.0,3870.0,813.0,11160.0,4505.0,4949.0,3867.0,851.0,252.0,261.0,258.0
17:48:15,30.1,5799.0,9071.0,8962.0,4844.0,4899.0,4553.0,4088.0,4891.0,4923.0,3498.0,3732.0,3540.0,1021.0,1010.0,1107.0,13386.0,13199.0,12052.0,4833.0,4884.0,4794.0,3865.0,4175.0,4547.0,3344.0,3740.0,3802.0,643.0,825.0,645.0,9289.0,8800.0,9944.0,3891.0,4045.0,4137.0,3691.0,3436.0,3996.0,2989.0,2571.0,3010.0,586.0,635.0,592.0,13688.0,16118.0,8924.0,4037.0,4039.0,3942.0,3055.0,3385.0,3421.0,2892.0,2932.0,3294.0,557.0,608.0,601.0,15718.0,3947.0,4341.0,3292.0,659.0,24644.0,3970.0,4368.0,3163.0,745.0,16939.0,4013.0,4638.0,3463.0,743.0,18480.0,2500.0,4945.0,3491.0,648.0,18956.0,4582.0,5130.0,3842.0,807.0,11128.0,4468.0,4952.0,3824.0,829.0,245.0,257.0,248.0
17:58:15,30.1,5952.0,9027.0,8918.0,4804.0,4894.0,4492.0,4093.0,4878.0,4878.0,3505.0,3705.0,3572.0,1015.0,1007.0,1089.0,13270.0,13175.0,12009.0,4804.0,4909.0,4762.0,3876.0,4128.0,4508.0,3336.0,3687.0,3772.0,637.0,811.0,653.0,9305.0,8769.0,9874.0,3882.0,4076.0,4170.0,3648.0,3432.0,4004.0,2983.0,2553.0,2999.0,574.0,632.0,587.0,13638.0,16024.0,8903.0,4028.0,4005.0,3950.0,3046.0,3343.0,3393.0,2903.0,2905.0,3250.0,559.0,591.0,599.0,15632.0,3931.0,4297.0,3278.0,653.0,27318.0,3956.0,4345.0,3163.0,716.0,17993.0,4021.0,4638.0,3444.0,730.0,18466.0,2513.0,4931.0,3500.0,643.0,18849.0,4537.0,5132.0,3829.0,786.0,11083.0,4461.0,4969.0,3807.0,825.0,251.0,257.0,266.0
18:08:15,30.0,6281.0,8983.0,8802.0,4779.0,4800.0,4493.0,4072.0,4808.0,4878.0,3446.0,3696.0,3533.0,1003.0,997.0,1079.0,13229.0,13129.0,11977.0,4795.0,4892.0,4717.0,3835.0,4100.0,4508.0,3288.0,3652.0,3747.0,622.0,821.0,643.0,9252.0,8758.0,9901.0,3870.0,4084.0,4130.0,3657.0,3377.0,3996.0,2979.0,2525.0,2962.0,586.0,635.0,574.0,13593.0,15915.0,8771.0,4002.0,4003.0,3928.0,3012.0,3343.0,3364.0,2878.0,2909.0,3166.0,549.0,592.0,592.0,15620.0,3914.0,4326.0,3246.0,651.0,24726.0,3883.0,4369.0,3115.0,725.0,17669.0,3991.0,4618.0,3440.0,733.0,18368.0,2529.0,4850.0,3464.0,637.0,18850.0,4551.0,5103.0,3820.0,784.0,10925.0,4458.0,4932.0,3812.0,830.0,260.0,259.0,256.0
18:18:15,30.0,6372.0,8878.0,8723.0,4843.0,4842.0,4488.0,4037.0,4823.0,4914.0,3457.0,3664.0,3506.0,1004.0,996.0,1069.0,13228.0,13128.0,12028.0,4781.0,4860.0,4760.0,3797.0,4113.0,4483.0,3295.0,3651.0,3750.0,625.0,807.0,639.0,9203.0,8750.0,9864.0,3859.0,4030.0,4161.0,3588.0,3367.0,3980.0,2947.0,2526.0,2928.0,568.0,621.0,587.0,13531.0,15831.0,8654.0,4047.0,3972.0,3941.0,3030.0,3371.0,3359.0,2849.0,2887.0,3180.0,554.0,599.0,592.0,15575.0,3906.0,4276.0,3217.0,651.0,26797.0,3919.0,4296.0,3108.0,703.0,17380.0,4013.0,4562.0,3409.0,729.0,18368.0,2493.0,4895.0,3455.0,641.0,18817.0,4495.0,5075.0,3780.0,792.0,10890.0,4427.0,4922.0,3843.0,821.0,253.0,265.0,260.0
