elapsed_hms,temperature_c,A1,A2,A3,B1,B2,B3,C1,C2,C3,D1,D2,D3,E1,E2,E3,F1,F2,F3,G1,G2,G3,A4,A5,A6,B4,B5,B6,C4,C5,C6,D4,D5,D6,E4,E5,E6,F4,F5,F6,G4,G5,G6,A7,A8,A9,B7,B8,B9,C7,C8,C9,D7,D8,D9,E7,E8,E9,F7,F8,F9,G7,G8,G9,A10,A11,A12,B10,B11,B12,C10,C11,C12,D10,D11,D12,E10,E11,E12,F10,F11,F12,G10,G11,G12,H1,H2,H3
0:09:08,30.0,870.0,822.0,777.0,867.0,839.0,779.0,884.0,836.0,849.0,878.0,831.0,907.0,893.0,831.0,866.0,942.0,873.0,868.0,867.0,893.0,889.0,741.0,835.0,853.0,774.0,798.0,847.0,811.0,819.0,834.0,811.0,846.0,835.0,861.0,847.0,854.0,875.0,823.0,798.0,920.0,871.0,894.0,445.0,441.0,436.0,444.0,440.0,443.0,442.0,421.0,438.0,446.0,443.0,444.0,446.0,438.0,442.0,431.0,430.0,419.0,404.0,404.0,401.0,462.0,463.0,446.0,438.0,460.0,454.0,450.0,457.0,450.0,456.0,459.0,470.0,470.0,463.0,457.0,422.0,434.0,430.0,402.0,417.0,410.0,413.0,410.0,405.0
0:19:08,30.0,895.0,880.0,795.0,905.0,868.0,811.0,918.0,860.0,904.0,935.0,886.0,972.0,939.0,868.0,906.0,1004.0,931.0,930.0,911.0,923.0,917.0,780.0,867.0,904.0,800.0,821.0,868.0,832.0,827.0,885.0,854.0,884.0,870.0,905.0,893.0,908.0,915.0,858.0,843.0,941.0,900.0,927.0,450.0,451.0,452.0,465.0,454.0,449.0,459.0,431.0,450.0,458.0,467.0,456.0,447.0,444.0,448.0,407.0,429.0,416.0,413.0,402.0,393.0,480.0,479.0,463.0,463.0,472.0,479.0,470.0,474.0,488.0,485.0,484.0,496.0,476.0,483.0,486.0,417.0,426.0,430.0,391.0,415.0,397.0,415.0,408.0,410.0
0:29:08,30.0,942.0,900.0,838.0,958.0,914.0,851.0,975.0,906.0,953.0,1005.0,932.0,1004.0,1013.0,940.0,990.0,1076.0,980.0,985.0,957.0,953.0,953.0,814.0,906.0,957.0,833.0,852.0,897.0,878.0,865.0,912.0,889.0,913.0,919.0,946.0,944.0,946.0,977.0,916.0,867.0,1006.0,941.0,982.0,464.0,451.0,465.0,470.0,479.0,477.0,474.0,452.0,467.0,482.0,477.0,475.0,460.0,451.0,450.0,415.0,416.0,412.0,387.0,389.0,389.0,498.0,500.0,481.0,490.0,500.0,506.0,505.0,499.0,513.0,511.0,505.0,532.0,512.0,514.0,516.0,427.0,427.0,425.0,398.0,411.0,389.0,418.0,408.0,409.0
0:39:08,30.0,997.0,954.0,892.0,1020.0,947.0,906.0,1019.0,966.0,999.0,1079.0,1011.0,1084.0,1120.0,1012.0,1089.0,1171.0,1082.0,1087.0,1007.0,1051.0,1040.0,862.0,958.0,996.0,889.0,899.0,940.0,896.0,909.0,971.0,964.0,977.0,984.0,1042.0,1024.0,1043.0,1061.0,1013.0,941.0,1073.0,1027.0,1030.0,483.0,468.0,483.0,499.0,495.0,492.0,504.0,487.0,494.0,498.0,491.0,486.0,459.0,466.0,460.0,407.0,422.0,406.0,395.0,395.0,391.0,510.0,516.0,510.0,522.0,543.0,551.0,556.0,539.0,561.0,557.0,551.0,558.0,531.0,556.0,537.0,423.0,450.0,432.0,389.0,391.0,385.0,409.0,400.0,403.0
0:49:08,30.0,1050.0,1011.0,949.0,1085.0,1033.0,966.0,1090.0,1033.0,1086.0,1190.0,1082.0,1183.0,1239.0,1140.0,1212.0,1291.0,1185.0,1188.0,1096.0,1129.0,1084.0,912.0,1002.0,1052.0,931.0,937.0,986.0,951.0,956.0,1010.0,1025.0,1070.0,1068.0,1139.0,1132.0,1130.0,1150.0,1091.0,1021.0,1147.0,1092.0,1113.0,499.0,483.0,493.0,539.0,526.0,531.0,539.0,515.0,531.0,536.0,525.0,524.0,475.0,478.0,483.0,403.0,411.0,412.0,393.0,387.0,385.0,550.0,538.0,530.0,572.0,598.0,606.0,615.0,599.0,619.0,591.0,608.0,602.0,578.0,601.0,576.0,422.0,451.0,425.0,377.0,396.0,382.0,410.0,404.0,407.0
0:59:08,30.1,1110.0,1076.0,1014.0,1183.0,1081.0,1021.0,1190.0,1110.0,1176.0,1313.0,1196.0,1285.0,1365.0,1271.0,1343.0,1424.0,1320.0,1325.0,1221.0,1237.0,1208.0,971.0,1047.0,1117.0,983.0,1000.0,1076.0,1006.0,1008.0,1063.0,1091.0,1143.0,1141.0,1269.0,1244.0,1267.0,1286.0,1214.0,1139.0,1276.0,1206.0,1208.0,521.0,509.0,516.0,585.0,556.0,564.0,578.0,542.0,575.0,550.0,546.0,540.0,500.0,499.0,490.0,404.0,421.0,402.0,386.0,386.0,386.0,580.0,594.0,557.0,608.0,624.0,646.0,683.0,650.0,683.0,649.0,660.0,660.0,620.0,636.0,607.0,420.0,448.0,432.0,366.0,384.0,375.0,409.0,406.0,401.0
1:09:08,30.0,1183.0,1146.0,1061.0,1258.0,1178.0,1088.0,1256.0,1216.0,1264.0,1444.0,1300.0,1434.0,1539.0,1426.0,1502.0,1619.0,1467.0,1489.0,1353.0,1372.0,1309.0,1016.0,1115.0,1178.0,1045.0,1062.0,1127.0,1079.0,1098.0,1138.0,1183.0,1240.0,1232.0,1399.0,1379.0,1409.0,1422.0,1369.0,1258.0,1400.0,1322.0,1319.0,536.0,518.0,535.0,607.0,594.0,605.0,615.0,578.0,608.0,591.0,594.0,584.0,500.0,518.0,508.0,393.0,414.0,401.0,381.0,381.0,376.0,605.0,615.0,594.0,669.0,698.0,713.0,743.0,699.0,722.0,708.0,712.0,721.0,650.0,692.0,652.0,432.0,438.0,429.0,362.0,374.0,373.0,400.0,402.0,405.0
1:19:08,30.1,1245.0,1224.0,1129.0,1350.0,1251.0,1171.0,1338.0,1270.0,1355.0,1546.0,1415.0,1553.0,1694.0,1601.0,1661.0,1804.0,1632.0,1662.0,1478.0,1516.0,1448.0,1065.0,1181.0,1243.0,1100.0,1122.0,1188.0,1149.0,1154.0,1221.0,1265.0,1350.0,1356.0,1541.0,1528.0,1566.0,1588.0,1513.0,1364.0,1521.0,1422.0,1429.0,550.0,528.0,551.0,645.0,626.0,630.0,655.0,616.0,650.0,626.0,614.0,616.0,530.0,537.0,532.0,402.0,407.0,405.0,377.0,371.0,371.0,615.0,650.0,618.0,711.0,740.0,757.0,794.0,748.0,789.0,761.0,749.0,774.0,689.0,728.0,696.0,420.0,441.0,411.0,348.0,364.0,357.0,405.0,405.0,399.0
1:29:08,30.1,1304.0,1303.0,1193.0,1442.0,1326.0,1250.0,1440.0,1373.0,1458.0,1707.0,1543.0,1708.0,1883.0,1771.0,1861.0,1975.0,1818.0,1861.0,1644.0,1644.0,1568.0,1119.0,1244.0,1320.0,1171.0,1206.0,1267.0,1213.0,1219.0,1274.0,1398.0,1448.0,1454.0,1719.0,1671.0,1760.0,1732.0,1648.0,1531.0,1669.0,1561.0,1591.0,567.0,549.0,569.0,653.0,657.0,658.0,679.0,647.0,678.0,678.0,652.0,652.0,535.0,551.0,556.0,393.0,407.0,391.0,374.0,373.0,382.0,637.0,691.0,643.0,743.0,777.0,803.0,848.0,786.0,833.0,825.0,801.0,833.0,747.0,795.0,728.0,412.0,438.0,414.0,346.0,358.0,365.0,402.0,397.0,399.0
1:39:08,30.1,1383.0,1354.0,1268.0,1538.0,1418.0,1325.0,1550.0,1464.0,1565.0,1862.0,1663.0,1855.0,2069.0,1938.0,2074.0,2178.0,2020.0,2050.0,1739.0,1794.0,1762.0,1201.0,1286.0,1378.0,1241.0,1272.0,1346.0,1296.0,1301.0,1387.0,1486.0,1571.0,1558.0,1891.0,1873.0,1908.0,1938.0,1857.0,1691.0,1843.0,1703.0,1738.0,581.0,570.0,581.0,696.0,688.0,687.0,726.0,678.0,720.0,706.0,694.0,692.0,554.0,590.0,576.0,397.0,408.0,397.0,374.0,369.0,370.0,682.0,714.0,675.0,787.0,831.0,847.0,903.0,831.0,879.0,892.0,840.0,898.0,802.0,851.0,769.0,405.0,435.0,412.0,353.0,363.0,346.0,408.0,397.0,396.0
1:49:08,30.0,1481.0,1463.0,1381.0,1657.0,1512.0,1416.0,1672.0,1566.0,1680.0,2012.0,1818.0,2028.0,2257.0,2146.0,2256.0,2387.0,2183.0,2261.0,1905.0,1946.0,1894.0,1258.0,1358.0,1446.0,1307.0,1350.0,1443.0,1390.0,1386.0,1479.0,1620.0,1685.0,1698.0,2072.0,2053.0,2110.0,2076.0,2004.0,1813.0,1992.0,1832.0,1883.0,604.0,572.0,616.0,721.0,715.0,713.0,747.0,710.0,730.0,748.0,735.0,739.0,573.0,605.0,603.0,387.0,399.0,393.0,378.0,368.0,383.0,723.0,760.0,711.0,848.0,896.0,899.0,952.0,883.0,931.0,953.0,907.0,958.0,843.0,906.0,811.0,404.0,434.0,405.0,344.0,359.0,352.0,413.0,405.0,398.0
1:59:08,30.0,1589.0,1570.0,1460.0,1785.0,1628.0,1521.0,1774.0,1694.0,1803.0,2198.0,1971.0,2185.0,2497.0,2320.0,2481.0,2588.0,2380.0,2456.0,2053.0,2138.0,2040.0,1328.0,1467.0,1568.0,1406.0,1445.0,1538.0,1463.0,1502.0,1601.0,1770.0,1832.0,1832.0,2283.0,2236.0,2297.0,2293.0,2176.0,1976.0,2154.0,1973.0,2039.0,638.0,607.0,639.0,760.0,746.0,743.0,799.0,732.0,774.0,791.0,780.0,780.0,606.0,647.0,626.0,387.0,411.0,392.0,368.0,371.0,376.0,755.0,809.0,765.0,891.0,953.0,957.0,1013.0,934.0,990.0,1024.0,956.0,1012.0,898.0,989.0,869.0,391.0,436.0,395.0,348.0,351.0,361.0,400.0,402.0,397.0
2:09:08,30.0,1703.0,1666.0,1564.0,1915.0,1757.0,1645.0,1934.0,1837.0,1959.0,2401.0,2133.0,2366.0,2682.0,2569.0,2705.0,2817.0,2594.0,2654.0,2240.0,2279.0,2198.0,1415.0,1556.0,1678.0,1498.0,1527.0,1630.0,1589.0,1624.0,1720.0,1892.0,1976.0,1982.0,2482.0,2435.0,2525.0,2469.0,2346.0,2150.0,2321.0,2124.0,2184.0,667.0,629.0,655.0,782.0,776.0,775.0,831.0,787.0,821.0,843.0,824.0,821.0,631.0,687.0,655.0,385.0,393.0,394.0,382.0,377.0,372.0,793.0,868.0,810.0,954.0,1008.0,1006.0,1078.0,961.0,1032.0,1090.0,989.0,1075.0,956.0,1065.0,940.0,390.0,429.0,402.0,347.0,353.0,355.0,410.0,403.0,410.0
2:19:08,30.0,1803.0,1777.0,1663.0,2038.0,1890.0,1758.0,2076.0,1983.0,2108.0,2578.0,2295.0,2564.0,2889.0,2743.0,2907.0,3019.0,2774.0,2872.0,2384.0,2465.0,2388.0,1508.0,1657.0,1759.0,1591.0,1645.0,1770.0,1720.0,1710.0,1856.0,2059.0,2132.0,2151.0,2667.0,2639.0,2717.0,2651.0,2528.0,2298.0,2483.0,2279.0,2341.0,692.0,658.0,685.0,804.0,810.0,808.0,855.0,796.0,836.0,877.0,867.0,861.0,646.0,723.0,694.0,380.0,398.0,381.0,371.0,379.0,377.0,855.0,905.0,863.0,1008.0,1060.0,1062.0,1151.0,1022.0,1113.0,1157.0,1059.0,1150.0,1001.0,1136.0,997.0,395.0,428.0,388.0,349.0,354.0,348.0,419.0,414.0,412.0
2:29:08,30.0,1945.0,1906.0,1787.0,2186.0,2016.0,1889.0,2227.0,2112.0,2278.0,2794.0,2488.0,2749.0,3127.0,2910.0,3147.0,3192.0,2939.0,3037.0,2533.0,2583.0,2475.0,1602.0,1794.0,1877.0,1704.0,1765.0,1902.0,1828.0,1858.0,1987.0,2232.0,2306.0,2327.0,2856.0,2826.0,2883.0,2837.0,2682.0,2415.0,2640.0,2400.0,2492.0,723.0,675.0,718.0,829.0,835.0,829.0,890.0,848.0,863.0,917.0,901.0,900.0,674.0,759.0,721.0,378.0,396.0,388.0,371.0,381.0,374.0,894.0,970.0,908.0,1077.0,1141.0,1107.0,1211.0,1078.0,1168.0,1233.0,1110.0,1206.0,1066.0,1203.0,1054.0,393.0,424.0,392.0,341.0,361.0,355.0,407.0,413.0,419.0
2:39:08,30.1,2064.0,2033.0,1906.0,2355.0,2185.0,2045.0,2387.0,2268.0,2469.0,2996.0,2661.0,2959.0,3301.0,3137.0,3374.0,3383.0,3087.0,3242.0,2665.0,2742.0,2626.0,1696.0,1897.0,1991.0,1828.0,1894.0,2042.0,1949.0,2000.0,2140.0,2382.0,2486.0,2469.0,3094.0,3043.0,3100.0,2991.0,2841.0,2578.0,2758.0,2542.0,2610.0,755.0,704.0,724.0,864.0,853.0,866.0,934.0,887.0,883.0,966.0,937.0,952.0,710.0,797.0,754.0,371.0,389.0,386.0,375.0,367.0,369.0,934.0,1026.0,959.0,1137.0,1184.0,1177.0,1284.0,1130.0,1224.0,1288.0,1189.0,1274.0,1121.0,1272.0,1100.0,381.0,421.0,389.0,341.0,357.0,347.0,409.0,403.0,405.0
2:49:08,30.0,2205.0,2190.0,2042.0,2560.0,2348.0,2169.0,2589.0,2472.0,2647.0,3214.0,2855.0,3176.0,3518.0,3308.0,3556.0,3571.0,3238.0,3400.0,2802.0,2888.0,2725.0,1833.0,2000.0,2107.0,1975.0,2021.0,2176.0,2129.0,2134.0,2298.0,2557.0,2670.0,2645.0,3243.0,3185.0,3331.0,3139.0,2982.0,2710.0,2877.0,2660.0,2741.0,790.0,731.0,765.0,902.0,891.0,907.0,962.0,916.0,929.0,1019.0,990.0,994.0,736.0,819.0,769.0,376.0,382.0,390.0,370.0,363.0,366.0,989.0,1096.0,1024.0,1174.0,1240.0,1242.0,1354.0,1176.0,1278.0,1365.0,1238.0,1336.0,1181.0,1373.0,1174.0,378.0,419.0,386.0,333.0,347.0,348.0,409.0,404.0,406.0
2:59:08,30.1,2384.0,2329.0,2203.0,2730.0,2496.0,2311.0,2758.0,2638.0,2855.0,3460.0,3067.0,3437.0,3742.0,3489.0,3790.0,3686.0,3432.0,3564.0,2905.0,2988.0,2848.0,1936.0,2142.0,2266.0,2095.0,2158.0,2305.0,2266.0,2323.0,2451.0,2745.0,2860.0,2837.0,3467.0,3395.0,3531.0,3268.0,3090.0,2820.0,3010.0,2737.0,2864.0,826.0,769.0,801.0,924.0,920.0,938.0,1017.0,962.0,963.0,1050.0,1018.0,1016.0,765.0,849.0,812.0,367.0,391.0,386.0,363.0,374.0,362.0,1046.0,1155.0,1077.0,1232.0,1285.0,1306.0,1396.0,1234.0,1345.0,1442.0,1285.0,1400.0,1250.0,1449.0,1204.0,380.0,419.0,376.0,337.0,342.0,342.0,411.0,407.0,402.0
3:09:08,30.1,2536.0,2505.0,2350.0,2901.0,2682.0,2497.0,2972.0,2826.0,3025.0,3705.0,3278.0,3670.0,3904.0,3655.0,4002.0,3845.0,3553.0,3698.0,3005.0,3123.0,3002.0,2053.0,2287.0,2401.0,2232.0,2278.0,2472.0,2387.0,2465.0,2639.0,2929.0,3020.0,3041.0,3646.0,3620.0,3707.0,3418.0,3240.0,2931.0,3130.0,2868.0,2971.0,867.0,802.0,850.0,966.0,953.0,959.0,1046.0,998.0,995.0,1102.0,1067.0,1068.0,780.0,888.0,841.0,376.0,381.0,387.0,372.0,363.0,362.0,1103.0,1197.0,1140.0,1290.0,1369.0,1346.0,1471.0,1281.0,1402.0,1534.0,1346.0,1459.0,1307.0,1511.0,1280.0,364.0,414.0,367.0,336.0,338.0,332.0,399.0,407.0,393.0
3:19:08,30.0,2737.0,2664.0,2524.0,3144.0,2882.0,2675.0,3165.0,3001.0,3247.0,3971.0,3495.0,3916.0,4102.0,3837.0,4214.0,3994.0,3689.0,3845.0,3137.0,3269.0,3084.0,2203.0,2437.0,2580.0,2378.0,2434.0,2635.0,2549.0,2625.0,2838.0,3163.0,3243.0,3262.0,3818.0,3772.0,3907.0,3502.0,3342.0,3051.0,3207.0,2966.0,3082.0,916.0,843.0,882.0,1006.0,1005.0,1018.0,1082.0,1046.0,1042.0,1150.0,1131.0,1123.0,804.0,917.0,875.0,371.0,381.0,375.0,361.0,368.0,368.0,1176.0,1266.0,1227.0,1367.0,1427.0,1399.0,1552.0,1351.0,1479.0,1605.0,1422.0,1554.0,1386.0,1595.0,1333.0,369.0,415.0,370.0,328.0,336.0,329.0,398.0,397.0,401.0
3:29:08,30.0,2905.0,2871.0,2671.0,3339.0,3080.0,2835.0,3410.0,3228.0,3476.0,4190.0,3762.0,4185.0,4262.0,4048.0,4413.0,4133.0,3819.0,4027.0,3249.0,3385.0,3216.0,2335.0,2572.0,2705.0,2516.0,2603.0,2809.0,2738.0,2810.0,3024.0,3348.0,3497.0,3487.0,4070.0,3975.0,4111.0,3655.0,3467.0,3156.0,3307.0,3086.0,3188.0,963.0,896.0,938.0,1049.0,1047.0,1056.0,1164.0,1094.0,1060.0,1216.0,1181.0,1183.0,839.0,961.0,905.0,377.0,388.0,374.0,366.0,367.0,358.0,1199.0,1338.0,1280.0,1418.0,1481.0,1477.0,1626.0,1404.0,1524.0,1672.0,1475.0,1601.0,1446.0,1701.0,1413.0,374.0,419.0,364.0,326.0,342.0,336.0,406.0,402.0,396.0
3:39:08,30.0,3111.0,3060.0,2927.0,3593.0,3295.0,3061.0,3604.0,3447.0,3732.0,4505.0,4015.0,4429.0,4544.0,4275.0,4640.0,4278.0,3946.0,4143.0,3366.0,3498.0,3308.0,2481.0,2752.0,2890.0,2695.0,2734.0,2991.0,2905.0,3023.0,3214.0,3586.0,3692.0,3696.0,4212.0,4155.0,4351.0,3751.0,3574.0,3250.0,3450.0,3171.0,3267.0,1018.0,947.0,984.0,1088.0,1102.0,1105.0,1208.0,1147.0,1128.0,1273.0,1241.0,1227.0,869.0,1007.0,920.0,369.0,386.0,373.0,364.0,357.0,362.0,1301.0,1408.0,1355.0,1474.0,1562.0,1535.0,1691.0,1454.0,1582.0,1739.0,1567.0,1701.0,1538.0,1806.0,1482.0,367.0,418.0,359.0,332.0,333.0,331.0,406.0,410.0,407.0
3:49:08,30.0,3319.0,3286.0,3097.0,3815.0,3460.0,3264.0,3870.0,3671.0,3960.0,4811.0,4267.0,4805.0,4669.0,4424.0,4865.0,4447.0,4052.0,4265.0,3488.0,3585.0,3437.0,2630.0,2921.0,3053.0,2846.0,2938.0,3158.0,3097.0,3208.0,3466.0,3830.0,3955.0,3965.0,4370.0,4385.0,4560.0,3859.0,3650.0,3329.0,3535.0,3276.0,3390.0,1092.0,995.0,1074.0,1158.0,1137.0,1171.0,1277.0,1210.0,1185.0,1333.0,1298.0,1292.0,927.0,1038.0,976.0,369.0,384.0,380.0,363.0,356.0,366.0,1358.0,1473.0,1429.0,1552.0,1619.0,1603.0,1765.0,1529.0,1655.0,1840.0,1627.0,1788.0,1606.0,1896.0,1573.0,360.0,423.0,380.0,332.0,336.0,340.0,405.0,402.0,401.0
3:59:08,30.0,3551.0,3492.0,3291.0,4056.0,3716.0,3474.0,4105.0,3902.0,4233.0,5114.0,4529.0,5075.0,4869.0,4644.0,5072.0,4554.0,4203.0,4400.0,3567.0,3720.0,3539.0,2784.0,3095.0,3263.0,3037.0,3092.0,3357.0,3300.0,3358.0,3652.0,4074.0,4200.0,4177.0,4577.0,4499.0,4770.0,3957.0,3745.0,3400.0,3620.0,3386.0,3499.0,1140.0,1055.0,1118.0,1223.0,1202.0,1229.0,1338.0,1253.0,1261.0,1407.0,1355.0,1380.0,947.0,1075.0,1018.0,367.0,382.0,371.0,364.0,366.0,366.0,1435.0,1561.0,1531.0,1608.0,1699.0,1656.0,1835.0,1579.0,1747.0,1907.0,1699.0,1897.0,1686.0,2012.0,1640.0,375.0,430.0,364.0,329.0,340.0,338.0,416.0,405.0,403.0
4:09:08,30.1,3814.0,3701.0,3484.0,4269.0,3903.0,3662.0,4382.0,4133.0,4449.0,5477.0,4785.0,5365.0,5074.0,4847.0,5303.0,4665.0,4246.0,4521.0,3629.0,3803.0,3621.0,2909.0,3239.0,3411.0,3128.0,3233.0,3538.0,3463.0,3535.0,3841.0,4266.0,4395.0,4450.0,4752.0,4735.0,4965.0,4049.0,3812.0,3479.0,3721.0,3428.0,3585.0,1219.0,1129.0,1180.0,1256.0,1258.0,1285.0,1400.0,1314.0,1291.0,1456.0,1446.0,1430.0,957.0,1132.0,1063.0,367.0,381.0,371.0,358.0,362.0,353.0,1519.0,1649.0,1594.0,1690.0,1755.0,1739.0,1902.0,1626.0,1812.0,1999.0,1767.0,1988.0,1772.0,2117.0,1701.0,368.0,429.0,359.0,326.0,334.0,340.0,412.0,402.0,411.0
