elapsed_hms,temperature_c,A1,A2,A3,A4,A5,A6,A7,A8,A9,A10,A11,A12,B1,B2,B3,B4,B5,B6,B7,B8,B9,B10,B11,B12,C1,C2,C3,C4,C5,C6,C7,C8,C9,C10,C11,C12,D1,D2,D3,D4,D5,D6,D7,D8,D9,D10,D11,D12,E1,E2,E3,E4,E5,E6,E7,E8,E9,E10,E11,E12,F1,F2,F3,F4,F5,F6,F7,F8,F9,F10,F11,F12,G1,G2,G3,G4,G5,G6,G7,G8,G9,G10,G11,G12,H1,H2,H3,H4,H5,H6,H7,H8,H9,H10,H11,H12
0:08:18,30.0,0.2077,0.2048,0.1967,0.1911,0.1892,0.1775,0.1965,0.2107,0.1959,0.1848,0.1794,0.1769,0.1999,0.2016,0.1967,0.1961,0.1859,0.2002,0.1946,0.1953,0.2072,0.1852,0.176,0.1716,0.202,0.1952,0.2143,0.1899,0.1944,0.1955,0.1952,0.195,0.1905,0.171,0.1836,0.1789,0.1915,0.1996,0.2082,0.1973,0.2028,0.2049,0.2121,0.1989,0.201,0.1705,0.168,0.1887,0.2047,0.1875,0.1964,0.2012,0.1911,0.1985,0.1884,0.2059,0.1881,0.1741,0.1822,0.1754,0.2075,0.193,0.2003,0.1873,0.1908,0.194,0.2042,0.1979,0.2025,0.178,0.1869,0.1813,0.1879,0.2003,0.1963,0.2016,0.1877,0.2137,0.1787,0.1948,0.2043,0.1681,0.1826,0.1853,0.087,0.0899,0.0884,0.0903,0.0907,0.0895,0.0888,0.0886,0.0895,0.0911,0.0901,0.0903
0:18:18,30.0,0.2208,0.2176,0.2066,0.2016,0.2008,0.1881,0.2098,0.2202,0.2152,0.1904,0.1872,0.2006,0.2148,0.2131,0.225,0.2096,0.1989,0.2376,0.2057,0.2865,0.2709,0.1927,0.2032,0.186,0.213,0.2053,0.2263,0.2007,0.2055,0.2053,0.2868,0.2206,0.2508,0.1793,0.2193,0.1867,0.201,0.2171,0.2208,0.2086,0.213,0.218,0.2289,0.208,0.2116,0.18,0.1842,0.1955,0.2174,0.2254,0.204,0.213,0.2047,0.2117,0.1987,0.2166,0.1965,0.1814,0.1877,0.1826,0.2252,0.2497,0.2125,0.2034,0.205,0.2095,0.2142,0.2084,0.2151,0.1868,0.1948,0.1893,0.2365,0.2195,0.2091,0.2182,0.2178,0.2364,0.1888,0.2269,0.2147,0.1774,0.1912,0.1938,0.0871,0.0916,0.0887,0.0903,0.0906,0.0895,0.0887,0.0885,0.0895,0.091,0.0901,0.0902
0:28:18,30.0,0.2425,0.2364,0.2188,0.2474,0.2409,0.2043,0.2446,0.234,0.2774,0.2071,0.2007,0.2655,0.2726,0.2707,0.2508,0.2472,0.2047,0.2948,0.2741,0.3183,0.3184,0.2152,0.2161,0.2563,0.2868,0.2586,0.2696,0.2674,0.2758,0.2495,0.3198,0.2997,0.2857,0.2076,0.2939,0.2005,0.2482,0.2703,0.3063,0.2573,0.2918,0.2917,0.3194,0.2512,0.2683,0.1883,0.2685,0.2008,0.3358,0.2222,0.2521,0.2384,0.2746,0.2855,0.2221,0.2256,0.2123,0.1875,0.1938,0.1849,0.2474,0.2995,0.2322,0.2802,0.2696,0.2794,0.2735,0.2615,0.2555,0.2019,0.2111,0.203,0.258,0.2228,0.228,0.3021,0.2885,0.3091,0.2338,0.2605,0.2309,0.1861,0.1995,0.1984,0.0872,0.0903,0.0893,0.0903,0.0904,0.0893,0.0885,0.0884,0.0894,0.0909,0.09,0.0901
0:38:18,30.0,0.2483,0.2883,0.2324,0.2744,0.2751,0.2075,0.2257,0.246,0.3307,0.2177,0.2058,0.2377,0.3127,0.2972,0.2337,0.2968,0.2266,0.3042,0.3084,0.3325,0.333,0.2639,0.2251,0.2654,0.3159,0.2711,0.2847,0.2801,0.2873,0.3025,0.3246,0.3264,0.3146,0.2557,0.2959,0.2095,0.3374,0.2998,0.3293,0.2956,0.2947,0.3118,0.3435,0.2907,0.3142,0.2469,0.2798,0.2636,0.3451,0.2298,0.2675,0.2568,0.2921,0.2993,0.2166,0.317,0.2073,0.1944,0.239,0.2022,0.2546,0.2979,0.2506,0.274,0.2486,0.2885,0.3038,0.2873,0.2896,0.2037,0.2597,0.208,0.2607,0.2537,0.2629,0.3148,0.2966,0.3211,0.252,0.2503,0.285,0.1975,0.2057,0.2013,0.0877,0.0916,0.0895,0.0903,0.0903,0.0892,0.0884,0.0883,0.0893,0.0909,0.09,0.09
0:48:18,30.0,0.2591,0.298,0.2469,0.2863,0.2925,0.2173,0.2422,0.2542,0.333,0.2203,0.2142,0.2757,0.3061,0.2905,0.2446,0.3119,0.2265,0.2714,0.3219,0.259,0.3102,0.2533,0.2126,0.2497,0.2838,0.2865,0.3022,0.2809,0.3256,0.319,0.3078,0.3342,0.3422,0.2662,0.2939,0.2124,0.326,0.2644,0.3063,0.2991,0.3411,0.322,0.3581,0.2273,0.3289,0.2456,0.2774,0.2385,0.315,0.2994,0.2436,0.2508,0.3048,0.3011,0.2197,0.3293,0.2046,0.2387,0.249,0.1928,0.2667,0.277,0.2547,0.267,0.2938,0.2853,0.2981,0.2862,0.2779,0.1979,0.2507,0.2077,0.2737,0.246,0.2841,0.31,0.3,0.3354,0.2524,0.2377,0.2845,0.241,0.2229,0.2114,0.0871,0.0918,0.0898,0.0903,0.0902,0.0893,0.0884,0.0882,0.0893,0.0909,0.09,0.09
0:58:18,30.1,0.2751,0.2973,0.2622,0.2672,0.2978,0.2322,0.2968,0.2665,0.3215,0.2327,0.2283,0.2671,0.2959,0.3201,0.2596,0.3402,0.2386,0.2636,0.3145,0.2671,0.3207,0.2914,0.2289,0.2874,0.3419,0.3219,0.2832,0.3198,0.3329,0.3392,0.3314,0.3354,0.3188,0.2795,0.3103,0.2235,0.329,0.2606,0.2764,0.3031,0.3494,0.3306,0.3609,0.2349,0.3318,0.2554,0.2802,0.3085,0.3416,0.327,0.2573,0.2657,0.3178,0.3183,0.2243,0.3296,0.2463,0.2586,0.2656,0.2073,0.2744,0.3006,0.3124,0.2745,0.2857,0.2895,0.3042,0.3079,0.2887,0.1982,0.2723,0.2059,0.2937,0.2558,0.2815,0.3199,0.2818,0.33,0.2742,0.2559,0.2813,0.232,0.21,0.2047,0.0868,0.0912,0.0895,0.0903,0.0902,0.0892,0.0883,0.088,0.0893,0.0908,0.09,0.09
1:08:18,30.0,0.2892,0.3053,0.2786,0.2951,0.298,0.2449,0.3227,0.277,0.3367,0.2476,0.2406,0.2468,0.3179,0.3573,0.3101,0.339,0.2499,0.2661,0.3115,0.2594,0.3534,0.3162,0.2339,0.2588,0.361,0.3513,0.3546,0.3191,0.3337,0.3295,0.3148,0.3324,0.3194,0.2902,0.3069,0.2349,0.3266,0.2731,0.2828,0.3216,0.3537,0.3402,0.3741,0.2405,0.351,0.2895,0.2746,0.3206,0.3328,0.2755,0.2712,0.2725,0.3204,0.3276,0.2165,0.3353,0.2171,0.2668,0.2668,0.2874,0.2863,0.3069,0.287,0.2847,0.2898,0.2945,0.3155,0.3039,0.2872,0.249,0.2733,0.2446,0.2887,0.271,0.2843,0.3089,0.2906,0.3143,0.278,0.2213,0.3103,0.2361,0.2289,0.2222,0.0866,0.0913,0.0897,0.0903,0.0901,0.0891,0.0882,0.088,0.0892,0.0908,0.09,0.0899
1:18:18,30.0,0.3054,0.3478,0.2983,0.2735,0.3281,0.2571,0.3553,0.292,0.3521,0.2622,0.2537,0.2909,0.3536,0.3594,0.3674,0.3508,0.2624,0.2893,0.3513,0.2724,0.3721,0.3105,0.2479,0.3062,0.2862,0.3378,0.3988,0.3399,0.356,0.3514,0.29,0.3369,0.3511,0.2872,0.3273,0.2449,0.2843,0.2884,0.2998,0.3352,0.3607,0.2895,0.3634,0.2484,0.3411,0.284,0.2648,0.2856,0.3041,0.2873,0.2819,0.3145,0.3236,0.3307,0.2207,0.3451,0.2128,0.2676,0.2639,0.2019,0.303,0.2767,0.2869,0.288,0.2941,0.2953,0.3228,0.3142,0.3145,0.2011,0.2592,0.2022,0.3019,0.2853,0.2797,0.2847,0.2635,0.3061,0.2855,0.2241,0.3164,0.2396,0.2326,0.2096,0.0864,0.0919,0.0892,0.0903,0.0901,0.0891,0.0882,0.088,0.0892,0.0909,0.0901,0.09
1:28:18,30.0,0.3181,0.3665,0.3134,0.2891,0.3465,0.2691,0.3643,0.3059,0.3538,0.2817,0.2688,0.3162,0.3564,0.364,0.3535,0.3566,0.2747,0.3059,0.3565,0.2843,0.3832,0.3345,0.2603,0.328,0.3191,0.3078,0.4166,0.351,0.3619,0.3632,0.2747,0.2734,0.2674,0.2996,0.3431,0.2559,0.2947,0.3005,0.3194,0.2901,0.3737,0.3039,0.3558,0.2556,0.3191,0.2906,0.2558,0.2686,0.3211,0.2993,0.3342,0.328,0.3288,0.3368,0.2201,0.3371,0.2144,0.2634,0.2704,0.2405,0.3143,0.2912,0.3019,0.2972,0.2831,0.2897,0.3167,0.3089,0.3174,0.2166,0.2648,0.2165,0.3036,0.2926,0.2987,0.2968,0.2746,0.3031,0.2755,0.2239,0.3034,0.2556,0.2461,0.2118,0.0865,0.0917,0.0893,0.0903,0.09,0.089,0.0881,0.0879,0.0891,0.0907,0.0899,0.0899
1:38:18,30.1,0.3352,0.3809,0.3296,0.3002,0.3095,0.2842,0.3623,0.3176,0.3655,0.2929,0.2814,0.3461,0.3789,0.3907,0.3928,0.306,0.2878,0.3196,0.366,0.2968,0.3278,0.3491,0.2724,0.3375,0.3395,0.3497,0.4249,0.358,0.3729,0.3046,0.2877,0.363,0.3495,0.2814,0.351,0.2673,0.3116,0.3149,0.3335,0.3674,0.312,0.3186,0.341,0.2632,0.3124,0.2951,0.2815,0.2998,0.3339,0.3117,0.3577,0.3275,0.337,0.3266,0.2273,0.3294,0.2168,0.279,0.2909,0.2101,0.3278,0.2996,0.3138,0.3022,0.3073,0.3128,0.3183,0.3073,0.3219,0.2082,0.2675,0.2142,0.2909,0.3167,0.3201,0.3239,0.3142,0.3188,0.2851,0.2244,0.3134,0.2483,0.2464,0.217,0.0865,0.0909,0.0894,0.0903,0.09,0.089,0.088,0.0878,0.0891,0.0907,0.0899,0.0898
1:48:18,30.1,0.3515,0.3909,0.3462,0.315,0.357,0.2976,0.3669,0.33,0.3778,0.307,0.2945,0.3476,0.3922,0.404,0.3499,0.3343,0.3001,0.3332,0.3762,0.3106,0.3215,0.3579,0.2843,0.34,0.356,0.3717,0.4322,0.3678,0.3821,0.3362,0.2993,0.3749,0.359,0.3249,0.3542,0.2799,0.3274,0.3298,0.3431,0.3614,0.3255,0.3341,0.3856,0.2699,0.3618,0.2971,0.2757,0.2721,0.346,0.3249,0.3624,0.3437,0.3433,0.3271,0.2258,0.3472,0.2182,0.2846,0.2705,0.2055,0.3392,0.3114,0.3304,0.3112,0.3139,0.3208,0.3163,0.3121,0.322,0.2244,0.2767,0.2064,0.3011,0.3178,0.3275,0.3349,0.3096,0.3277,0.2827,0.232,0.3148,0.2243,0.2406,0.2095,0.087,0.0909,0.0893,0.0902,0.0898,0.0889,0.088,0.0877,0.0891,0.0907,0.0899,0.0898
1:58:18,30.1,0.3673,0.3993,0.3623,0.3301,0.3806,0.3111,0.3796,0.3415,0.388,0.3207,0.3076,0.341,0.4124,0.4128,0.3556,0.3687,0.3146,0.3485,0.3798,0.3221,0.3431,0.3593,0.2978,0.3475,0.375,0.3836,0.4375,0.3773,0.3908,0.3546,0.312,0.3759,0.375,0.3256,0.3665,0.2924,0.3429,0.3433,0.3585,0.3913,0.3405,0.3488,0.329,0.2806,0.3576,0.2785,0.2904,0.2687,0.3587,0.3381,0.3708,0.3519,0.3506,0.3369,0.224,0.3442,0.2216,0.2918,0.2709,0.212,0.3484,0.3186,0.3381,0.3205,0.321,0.3294,0.3182,0.3139,0.3226,0.2168,0.2888,0.2304,0.303,0.3463,0.3341,0.3486,0.3191,0.3426,0.2806,0.2348,0.3135,0.2561,0.2593,0.21,0.0871,0.0909,0.0892,0.0904,0.0899,0.089,0.088,0.0878,0.0892,0.0907,0.09,0.0899
2:08:18,30.1,0.3844,0.4076,0.3793,0.3455,0.393,0.3262,0.3985,0.3637,0.4015,0.3363,0.3223,0.3619,0.4167,0.4214,0.3673,0.3869,0.3311,0.3629,0.3872,0.3382,0.3722,0.3608,0.3109,0.3588,0.3902,0.3966,0.4546,0.3872,0.4019,0.3768,0.3247,0.3821,0.3869,0.3293,0.3659,0.3056,0.3548,0.3591,0.3757,0.4013,0.356,0.3659,0.3053,0.2891,0.3693,0.2805,0.2769,0.3207,0.3706,0.3496,0.3811,0.3622,0.3611,0.3492,0.2325,0.3446,0.2272,0.2827,0.2444,0.2072,0.3591,0.3299,0.3459,0.3274,0.3282,0.3364,0.3264,0.3139,0.3282,0.208,0.2983,0.2166,0.322,0.3425,0.3409,0.3553,0.3282,0.3505,0.2878,0.2273,0.3193,0.2551,0.2505,0.2136,0.0878,0.0907,0.0893,0.0905,0.09,0.0892,0.0882,0.0878,0.0893,0.091,0.09,0.0899
2:18:18,30.1,0.4023,0.4229,0.3969,0.3624,0.4068,0.3404,0.4113,0.3689,0.4076,0.3484,0.337,0.3982,0.4388,0.4433,0.3836,0.3764,0.3457,0.3826,0.4017,0.3531,0.3636,0.3456,0.3244,0.3647,0.4044,0.4114,0.4668,0.4004,0.415,0.3793,0.3377,0.4012,0.3794,0.3342,0.3741,0.3195,0.3719,0.3759,0.3918,0.4128,0.3723,0.3836,0.3554,0.3039,0.3642,0.2765,0.3016,0.3605,0.383,0.3674,0.3887,0.3669,0.3709,0.3609,0.2255,0.3445,0.2248,0.2977,0.2573,0.2093,0.3653,0.338,0.3573,0.3348,0.3346,0.343,0.3298,0.3122,0.3305,0.21,0.2952,0.21,0.3333,0.3485,0.3457,0.3622,0.3298,0.3579,0.283,0.2283,0.3249,0.252,0.2446,0.2114,0.0862,0.0919,0.0891,0.0904,0.0901,0.0891,0.0882,0.0879,0.0892,0.0909,0.09,0.0899
2:28:18,30.1,0.4194,0.4388,0.4104,0.379,0.4198,0.3572,0.4238,0.3814,0.4216,0.3653,0.3522,0.4019,0.4481,0.4549,0.3971,0.3959,0.3617,0.3947,0.4103,0.368,0.3796,0.3444,0.339,0.379,0.422,0.4358,0.4767,0.4135,0.4265,0.4056,0.3518,0.4028,0.4099,0.3045,0.398,0.3342,0.3914,0.3928,0.4094,0.4305,0.3889,0.4009,0.3454,0.3136,0.3844,0.3132,0.3036,0.3534,0.3966,0.3701,0.3999,0.3742,0.3818,0.375,0.227,0.3475,0.228,0.295,0.2552,0.2094,0.371,0.3445,0.364,0.3408,0.3397,0.3486,0.3315,0.3114,0.332,0.2129,0.3009,0.2136,0.3547,0.3344,0.351,0.3677,0.3339,0.3638,0.2942,0.2309,0.3265,0.265,0.2611,0.2114,0.0862,0.0918,0.0887,0.0905,0.0901,0.0892,0.0882,0.088,0.0893,0.091,0.0901,0.09
2:38:18,30.1,0.4377,0.4529,0.4255,0.3958,0.4233,0.3717,0.4374,0.3951,0.4331,0.3833,0.3674,0.4234,0.4621,0.4668,0.4119,0.4307,0.3758,0.4151,0.4289,0.381,0.4176,0.3604,0.3554,0.392,0.4397,0.4471,0.4917,0.4247,0.4404,0.4086,0.3672,0.4158,0.414,0.3209,0.401,0.3504,0.4051,0.4094,0.4257,0.4424,0.406,0.4192,0.3545,0.3176,0.3974,0.3084,0.331,0.3561,0.408,0.3807,0.4089,0.3828,0.3923,0.3889,0.2511,0.346,0.2303,0.2997,0.2616,0.2101,0.3774,0.35,0.3694,0.346,0.3453,0.3541,0.3325,0.3231,0.3264,0.2114,0.3017,0.2129,0.3584,0.3412,0.3551,0.372,0.3364,0.3721,0.2929,0.2349,0.3258,0.2684,0.2574,0.2126,0.0864,0.0919,0.0895,0.0904,0.0902,0.0892,0.0882,0.088,0.0893,0.091,0.0901,0.09
2:48:18,30.0,0.4536,0.4677,0.4365,0.4104,0.45,0.386,0.4508,0.4089,0.4437,0.3974,0.382,0.4339,0.4758,0.4845,0.4301,0.4338,0.3903,0.4325,0.4381,0.3944,0.4421,0.3765,0.3704,0.4009,0.4579,0.4599,0.5018,0.4375,0.4557,0.4452,0.3837,0.4299,0.4235,0.3354,0.4238,0.3655,0.4225,0.4259,0.4422,0.4595,0.4231,0.4368,0.3979,0.3297,0.3881,0.3191,0.3351,0.3676,0.4196,0.3904,0.4199,0.3968,0.4039,0.4024,0.2653,0.2623,0.2313,0.2995,0.2668,0.212,0.3832,0.3553,0.3745,0.3507,0.3495,0.3582,0.3354,0.3195,0.3295,0.2104,0.3119,0.2163,0.3595,0.3584,0.359,0.3773,0.3398,0.3782,0.2976,0.2332,0.3299,0.27,0.2666,0.2159,0.0869,0.092,0.0902,0.0904,0.0902,0.0892,0.0883,0.088,0.0893,0.0909,0.09,0.09
2:58:18,30.1,0.47,0.4804,0.4531,0.4295,0.4628,0.4001,0.4623,0.4214,0.4561,0.4111,0.3982,0.445,0.4895,0.4955,0.4451,0.4568,0.4052,0.4425,0.4504,0.4089,0.461,0.3933,0.3859,0.4143,0.4753,0.4733,0.5136,0.453,0.4688,0.4567,0.3988,0.4484,0.4352,0.3764,0.4367,0.3816,0.4393,0.4414,0.459,0.4711,0.4405,0.4561,0.415,0.3418,0.4195,0.3248,0.3333,0.3685,0.4326,0.4015,0.4302,0.4063,0.416,0.4167,0.2719,0.3418,0.2491,0.2979,0.2934,0.2132,0.3881,0.3597,0.3794,0.3549,0.3539,0.3632,0.3366,0.3246,0.3328,0.2123,0.3089,0.2121,0.3647,0.351,0.3631,0.3825,0.3441,0.3838,0.299,0.233,0.3296,0.2701,0.2726,0.2147,0.0869,0.0929,0.0906,0.0903,0.09,0.0891,0.0881,0.0879,0.0892,0.0908,0.09,0.0898
3:08:18,30.0,0.4874,0.4954,0.4722,0.4447,0.4759,0.4159,0.4787,0.4365,0.4706,0.4299,0.4132,0.4581,0.5055,0.5093,0.4598,0.47,0.4199,0.4601,0.4628,0.4217,0.4793,0.4091,0.402,0.4237,0.4906,0.488,0.5292,0.4664,0.4818,0.4617,0.4132,0.4579,0.4471,0.3818,0.4489,0.3986,0.4568,0.4579,0.4766,0.4863,0.4588,0.4755,0.4222,0.3555,0.4104,0.3205,0.3412,0.3789,0.4455,0.4094,0.4422,0.4275,0.428,0.4308,0.263,0.3132,0.2563,0.2968,0.2475,0.215,0.3929,0.3643,0.3839,0.3589,0.3579,0.3669,0.334,0.3235,0.3189,0.2143,0.3142,0.2163,0.3444,0.3667,0.366,0.3866,0.3483,0.3883,0.3023,0.2351,0.3296,0.2736,0.2729,0.2164,0.0866,0.093,0.0912,0.0903,0.09,0.0891,0.0881,0.0879,0.0892,0.0909,0.09,0.0899
3:18:18,30.0,0.5017,0.5097,0.4921,0.4589,0.491,0.4305,0.4899,0.4524,0.4849,0.4463,0.4291,0.4698,0.52,0.5236,0.4758,0.4814,0.433,0.476,0.4758,0.4369,0.4961,0.4253,0.4193,0.4391,0.5068,0.5016,0.5422,0.481,0.4963,0.4757,0.4289,0.4688,0.4592,0.3905,0.4621,0.4165,0.4745,0.475,0.494,0.5036,0.4749,0.4936,0.4375,0.37,0.4317,0.3228,0.3636,0.3951,0.4571,0.4204,0.4536,0.4405,0.4408,0.445,0.2779,0.2652,0.2602,0.3012,0.2354,0.2163,0.3973,0.3685,0.388,0.3631,0.3616,0.3705,0.3386,0.3266,0.3319,0.2144,0.3124,0.216,0.3513,0.3658,0.369,0.3905,0.352,0.3921,0.3011,0.2375,0.3319,0.2776,0.2827,0.2154,0.0869,0.0936,0.092,0.0903,0.0899,0.089,0.0881,0.0878,0.0892,0.0908,0.09,0.0898
3:28:18,30.1,0.5161,0.5234,0.5048,0.4745,0.506,0.4447,0.5034,0.467,0.4994,0.459,0.4438,0.4868,0.5323,0.5374,0.4905,0.4947,0.4482,0.4911,0.4893,0.4519,0.511,0.4434,0.435,0.4577,0.523,0.516,0.5574,0.4948,0.5123,0.4895,0.444,0.4815,0.4729,0.4021,0.4764,0.4353,0.4915,0.4909,0.5105,0.5212,0.4929,0.511,0.4474,0.3837,0.4387,0.327,0.3639,0.4054,0.4694,0.4308,0.4641,0.4512,0.4545,0.4595,0.2924,0.279,0.2564,0.2997,0.2264,0.2157,0.4012,0.3716,0.3917,0.3668,0.3648,0.3734,0.3323,0.3278,0.3353,0.2148,0.2996,0.2143,0.3522,0.3679,0.3728,0.3946,0.3554,0.3963,0.3035,0.2394,0.3366,0.2801,0.282,0.2201,0.0876,0.0939,0.091,0.0903,0.0899,0.089,0.088,0.0878,0.0891,0.0908,0.09,0.0899
3:38:18,30.1,0.5317,0.5374,0.5161,0.4925,0.5205,0.4602,0.5176,0.4805,0.5137,0.4763,0.4601,0.5086,0.5458,0.5513,0.5062,0.508,0.4616,0.5069,0.5031,0.4666,0.5275,0.4614,0.4499,0.4757,0.536,0.5289,0.5708,0.5096,0.5265,0.5061,0.4608,0.4952,0.486,0.4144,0.4915,0.4538,0.5077,0.5078,0.5272,0.5381,0.5113,0.5278,0.4602,0.3999,0.4556,0.3357,0.3695,0.4069,0.4806,0.441,0.4759,0.4641,0.4693,0.473,0.3112,0.2866,0.2872,0.2934,0.2392,0.2192,0.4048,0.3754,0.3955,0.3706,0.3682,0.3765,0.3329,0.3298,0.3281,0.2153,0.3108,0.2192,0.3557,0.3672,0.3761,0.3981,0.3592,0.4005,0.2969,0.2418,0.3172,0.279,0.2833,0.2192,0.0865,0.0937,0.0894,0.0903,0.0898,0.089,0.088,0.0877,0.0891,0.0908,0.09,0.0898
3:48:18,30.1,0.5466,0.5535,0.5329,0.5071,0.5357,0.4734,0.5316,0.4956,0.5285,0.4929,0.4765,0.5291,0.563,0.5662,0.5208,0.5224,0.4772,0.5221,0.5173,0.48,0.5408,0.4785,0.4662,0.4915,0.5506,0.5414,0.5848,0.5249,0.5422,0.5221,0.4769,0.5125,0.5006,0.4294,0.5091,0.4717,0.5233,0.5232,0.5443,0.554,0.5293,0.5473,0.4765,0.4164,0.474,0.3496,0.3798,0.4237,0.4931,0.4501,0.4878,0.4784,0.4842,0.4876,0.3146,0.2952,0.2642,0.3013,0.2452,0.2191,0.4089,0.3792,0.3999,0.3745,0.3716,0.3798,0.3213,0.3253,0.3321,0.2166,0.3156,0.2177,0.3598,0.3752,0.3776,0.4015,0.3628,0.4046,0.3046,0.2425,0.3297,0.2839,0.292,0.2222,0.0865,0.0938,0.0895,0.0905,0.0901,0.0891,0.0882,0.0878,0.0892,0.0909,0.0901,0.0899
3:58:18,30.1,0.5613,0.5683,0.5483,0.5226,0.551,0.4888,0.5452,0.5103,0.5409,0.5135,0.4928,0.5448,0.573,0.5787,0.5366,0.5372,0.4918,0.5409,0.5304,0.4956,0.5559,0.4977,0.4835,0.5094,0.5688,0.5539,0.5999,0.538,0.556,0.5369,0.491,0.528,0.5146,0.4458,0.5246,0.4894,0.539,0.5392,0.5622,0.5722,0.5458,0.5657,0.4936,0.4339,0.4908,0.3633,0.3936,0.4456,0.5057,0.46,0.5005,0.4925,0.4995,0.502,0.328,0.2868,0.2792,0.3035,0.2829,0.2213,0.4127,0.3833,0.4035,0.3781,0.3751,0.3829,0.3301,0.3328,0.335,0.217,0.2986,0.2181,0.363,0.3887,0.3824,0.4055,0.3667,0.4087,0.3036,0.2423,0.3281,0.2821,0.2922,0.2194,0.0868,0.0942,0.0898,0.0905,0.09,0.0892,0.0881,0.0879,0.0892,0.091,0.0901,0.09
4:08:18,30.1,0.5762,0.5844,0.5636,0.5375,0.566,0.5042,0.5591,0.5248,0.5559,0.5296,0.5086,0.5485,0.5861,0.5923,0.5519,0.5524,0.5056,0.5561,0.5446,0.5096,0.5716,0.5161,0.4996,0.525,0.5848,0.5675,0.6139,0.5516,0.5719,0.5537,0.5082,0.5418,0.5273,0.4619,0.5414,0.5075,0.5577,0.5555,0.5794,0.5882,0.5654,0.5835,0.5105,0.4517,0.51,0.3788,0.4064,0.4594,0.5182,0.4705,0.513,0.5065,0.5147,0.5173,0.3226,0.3054,0.2745,0.2971,0.2616,0.2221,0.4166,0.3865,0.4072,0.3815,0.378,0.3864,0.3166,0.3179,0.3383,0.2187,0.2759,0.2188,0.3661,0.3917,0.3867,0.4083,0.3701,0.4126,0.3147,0.2421,0.3389,0.2895,0.295,0.2222,0.0912,0.0926,0.0891,0.0904,0.0901,0.0891,0.0883,0.0879,0.0893,0.0909,0.0901,0.09
