construct,stressor,dose_mM,autofluorescence_fraction,fold,low,high,estimable,n_plates,verdict
AlteredYap1,H2O2,0.1,0.0,1.0149848707343778,0.9388816555715881,1.1048138288981728,True,4,INCONCLUSIVE
AlteredYap1,H2O2,0.2,0.0,1.0713028063866992,0.9886361953288371,1.173916710975699,True,4,INCONCLUSIVE
AlteredYap1,H2O2,0.5,0.0,1.3714869067911106,1.059045652591057,1.7010767347227636,True,4,DIFFERENT
AlteredYap1,H2O2,1.0,0.0,1.0010337765500255,,,False,4,INCONCLUSIVE
AlteredYap1,H2O2,2.0,0.0,,,,False,4,INCONCLUSIVE
AlteredYap1,H2O2,4.0,0.0,,,,False,4,INCONCLUSIVE
NativeYap1,H2O2,0.1,0.0,0.9180673472465278,0.7361073136104104,1.07836864745675,True,4,INCONCLUSIVE
NativeYap1,H2O2,0.2,0.0,1.0300369510845804,0.8015021655608019,1.2711245082838176,True,4,INCONCLUSIVE
NativeYap1,H2O2,0.5,0.0,1.3724337778103082,0.9961547578509913,1.8699450282252463,True,4,INCONCLUSIVE
NativeYap1,H2O2,1.0,0.0,1.183264164696842,0.643785096654389,2.0594493051682843,True,4,INCONCLUSIVE
NativeYap1,H2O2,2.0,0.0,0.00898411035109896,,,False,4,INCONCLUSIVE
NativeYap1,H2O2,4.0,0.0,,,,False,4,INCONCLUSIVE
UPRE1,DTT,0.1,0.0,1.0493438507858743,0.9867342523776558,1.122529485617351,True,4,INCONCLUSIVE
UPRE1,DTT,0.2,0.0,1.1537755731077446,1.095183489956136,1.211077356774031,True,4,DIFFERENT
UPRE1,DTT,0.5,0.0,1.3542696460749852,1.2090118005104442,1.569263372162448,True,4,DIFFERENT
UPRE1,DTT,1.0,0.0,1.4405487950938292,1.2224532569029671,1.6793509944537002,True,4,DIFFERENT
UPRE1,DTT,2.0,0.0,1.0587017365450464,0.9232983130665473,1.2129794468779316,True,4,INCONCLUSIVE
UPRE1,DTT,5.0,0.0,0.9342106077052286,0.7951263457334872,1.0903106513571765,True,4,INCONCLUSIVE
UPRE2,DTT,0.1,0.0,1.0673621482596103,0.9848948991012488,1.1543585941171763,True,4,INCONCLUSIVE
UPRE2,DTT,0.2,0.0,1.17076924162886,1.0684819090000914,1.254332543656633,True,4,DIFFERENT
UPRE2,DTT,0.5,0.0,1.4159390901744104,1.137798562962084,1.6372393961194691,True,4,DIFFERENT
UPRE2,DTT,1.0,0.0,1.5618930678959848,1.3042383130807709,1.8322538560554467,True,4,DIFFERENT
UPRE2,DTT,2.0,0.0,1.1056112520975805,0.9503346697615019,1.384364152271954,True,4,INCONCLUSIVE
UPRE2,DTT,5.0,0.0,1.063067915069896,0.9341918270298144,1.2328871108623118,True,4,INCONCLUSIVE
AlteredYap1,H2O2,0.1,0.05,1.015117483629022,0.9389722306863598,1.104741734229762,True,4,INCONCLUSIVE
AlteredYap1,H2O2,0.2,0.05,1.0729171311536514,0.9883490050543288,1.1788298167516196,True,4,INCONCLUSIVE
AlteredYap1,H2O2,0.5,0.05,1.3805623386287635,1.069307605889303,1.7155736831332211,True,4,DIFFERENT
AlteredYap1,H2O2,1.0,0.05,1.0149303449944587,,,False,4,INCONCLUSIVE
AlteredYap1,H2O2,2.0,0.05,,,,False,4,INCONCLUSIVE
AlteredYap1,H2O2,4.0,0.05,,,,False,4,INCONCLUSIVE
NativeYap1,H2O2,0.1,0.05,0.9175491643380878,0.7324179298073926,1.0802688123529995,True,4,INCONCLUSIVE
NativeYap1,H2O2,0.2,0.05,1.0310994429063038,0.7963462698952761,1.2767647252162053,True,4,INCONCLUSIVE
NativeYap1,H2O2,0.5,0.05,1.382711167336604,1.0044483331767333,1.8870415473248456,True,4,DIFFERENT
NativeYap1,H2O2,1.0,0.05,1.2110235265406355,0.6544097308716093,2.1148423469671296,True,4,INCONCLUSIVE
NativeYap1,H2O2,2.0,0.05,0.006463028942774078,,,False,4,INCONCLUSIVE
NativeYap1,H2O2,4.0,0.05,,,,False,4,INCONCLUSIVE
UPRE1,DTT,0.1,0.05,1.0516226691613644,0.9866529077001768,1.1278049153522223,True,4,INCONCLUSIVE
UPRE1,DTT,0.2,0.05,1.158932404733039,1.0990806950616718,1.2178772362406463,True,4,DIFFERENT
UPRE1,DTT,0.5,0.05,1.3639614855426692,1.2185192436684806,1.5808727576919006,True,4,DIFFERENT
UPRE1,DTT,1.0,0.05,1.4609838550892442,1.2337728472528193,1.7082770070162419,True,4,DIFFERENT
UPRE1,DTT,2.0,0.05,1.0812193326307924,0.9388840554496184,1.2433938081475466,True,4,INCONCLUSIVE
UPRE1,DTT,5.0,0.05,0.9523193192196351,0.8033305648797056,1.1246903827591062,True,4,INCONCLUSIVE
UPRE2,DTT,0.1,0.05,1.0697755350088352,0.9845136189750954,1.1591631340326,True,4,INCONCLUSIVE
UPRE2,DTT,0.2,0.05,1.1762139256053343,1.0727353024546067,1.2616107874216778,True,4,DIFFERENT
UPRE2,DTT,0.5,0.05,1.426951639495777,1.1455884621825303,1.651843374346923,True,4,DIFFERENT
UPRE2,DTT,1.0,0.05,1.5830493017455962,1.3198858735600405,1.8585328009832565,True,4,DIFFERENT
UPRE2,DTT,2.0,0.05,1.128827903630764,0.9663913645534983,1.4191393890649535,True,4,INCONCLUSIVE
UPRE2,DTT,5.0,0.05,1.0857747292930073,0.9496090550687437,1.2628211665120783,True,4,INCONCLUSIVE
AlteredYap1,H2O2,0.1,0.1,1.0152587910049666,0.9388309027405904,1.1055777034312309,True,4,INCONCLUSIVE
AlteredYap1,H2O2,0.2,0.1,1.0746462459288795,0.987656979246201,1.1832571873700055,True,4,INCONCLUSIVE
AlteredYap1,H2O2,0.5,0.1,1.3902760700056649,1.0794398851923719,1.7333199713090754,True,4,DIFFERENT
AlteredYap1,H2O2,1.0,0.1,1.0296163993472196,,,False,4,INCONCLUSIVE
AlteredYap1,H2O2,2.0,0.1,,,,False,4,INCONCLUSIVE
AlteredYap1,H2O2,4.0,0.1,,,,False,4,INCONCLUSIVE
NativeYap1,H2O2,0.1,0.1,0.9169916882643153,0.7264023220298746,1.0817848151691725,True,4,INCONCLUSIVE
NativeYap1,H2O2,0.2,0.1,1.0322404873107407,0.7902755188244326,1.2836610524946006,True,4,INCONCLUSIVE
NativeYap1,H2O2,0.5,0.1,1.3937059167244397,1.011343591939473,1.9056668394464236,True,4,DIFFERENT
NativeYap1,H2O2,1.0,0.1,1.2406577707402213,0.6634737564721395,2.1827221057268043,True,4,INCONCLUSIVE
NativeYap1,H2O2,2.0,0.1,0.003751304070804808,,,False,4,INCONCLUSIVE
NativeYap1,H2O2,4.0,0.1,,,,False,4,INCONCLUSIVE
UPRE1,DTT,0.1,0.1,1.0540543965321292,0.9864791619760742,1.1334689816016286,True,4,INCONCLUSIVE
UPRE1,DTT,0.2,0.1,1.1644212460056893,1.1030411769797006,1.224807833876757,True,4,DIFFERENT
UPRE1,DTT,0.5,0.1,1.3742869854671393,1.2275600387038772,1.592976179395778,True,4,DIFFERENT
UPRE1,DTT,1.0,0.1,1.4827463469302993,1.2450726506852456,1.741548053944288,True,4,DIFFERENT
UPRE1,DTT,2.0,0.1,1.1051786223493705,0.9522734319113267,1.2753004260213148,True,4,INCONCLUSIVE
UPRE1,DTT,5.0,0.1,0.9715906524792728,0.8118512389988515,1.1584913211728503,True,4,INCONCLUSIVE
UPRE2,DTT,0.1,0.1,1.0723415567513486,0.984580063212131,1.1639755624145358,True,4,INCONCLUSIVE
UPRE2,DTT,0.2,0.1,1.1819959898316863,1.0760478417411128,1.2697204719281159,True,4,DIFFERENT
UPRE2,DTT,0.5,0.1,1.43864330499922,1.1540145669428332,1.668959906287667,True,4,DIFFERENT
UPRE2,DTT,1.0,0.1,1.605518974567295,1.3367795661046291,1.886702662738684,True,4,DIFFERENT
UPRE2,DTT,2.0,0.1,1.1535062663997377,0.9821527822127766,1.4563606632895232,True,4,INCONCLUSIVE
UPRE2,DTT,5.0,0.1,1.1099126266322334,0.9651258819222711,1.2981400792122322,True,4,INCONCLUSIVE
AlteredYap1,H2O2,0.1,0.2,1.0155711128927198,0.9376724827658425,1.1067570023729976,True,4,INCONCLUSIVE
AlteredYap1,H2O2,0.2,0.2,1.078502484673433,0.9857467758713483,1.1956509624037706,True,4,INCONCLUSIVE
AlteredYap1,H2O2,0.5,0.2,1.4119116823573106,1.098686995772777,1.7693067535867104,True,4,DIFFERENT
AlteredYap1,H2O2,1.0,0.2,1.0616490670220722,,,False,4,INCONCLUSIVE
AlteredYap1,H2O2,2.0,0.2,,,,False,4,INCONCLUSIVE
AlteredYap1,H2O2,4.0,0.2,,,,False,4,INCONCLUSIVE
NativeYap1,H2O2,0.1,0.2,0.9157391776865305,0.7134807613111638,1.088939633808371,True,4,INCONCLUSIVE
NativeYap1,H2O2,0.2,0.2,1.0347960128059217,0.7778795126395089,1.2981289148597324,True,4,INCONCLUSIVE
NativeYap1,H2O2,0.5,0.2,1.4181779077326162,1.0258778398658241,1.952940752460933,True,4,DIFFERENT
NativeYap1,H2O2,1.0,0.2,1.3064170863322238,0.6869463129113947,2.328916039107555,True,4,INCONCLUSIVE
NativeYap1,H2O2,2.0,0.2,,,,False,4,INCONCLUSIVE
NativeYap1,H2O2,4.0,0.2,0.0026731032882678953,,,False,4,INCONCLUSIVE
UPRE1,DTT,0.1,0.2,1.0594466980004258,0.9859079412575306,1.1457492244382468,True,4,INCONCLUSIVE
UPRE1,DTT,0.2,0.2,1.1765405664465483,1.111527306373759,1.2427038575565261,True,4,DIFFERENT
UPRE1,DTT,0.5,0.2,1.3971192554209237,1.24431005216461,1.6179704078314396,True,4,DIFFERENT
UPRE1,DTT,1.0,0.2,1.5308291539076442,1.2687457458096507,1.8167508763084481,True,4,DIFFERENT
UPRE1,DTT,2.0,0.2,1.1580361388492422,0.9813607126693571,1.354193141927492,True,4,INCONCLUSIVE
UPRE1,DTT,5.0,0.2,1.014118082879659,0.8293519315294343,1.2352899352909412,True,4,INCONCLUSIVE
UPRE2,DTT,0.1,0.2,1.0779948440639846,0.9846889060514364,1.175694714236666,True,4,INCONCLUSIVE
UPRE2,DTT,0.2,0.2,1.1947098240702865,1.0829749615661217,1.2877221852964962,True,4,DIFFERENT
UPRE2,DTT,0.5,0.2,1.4643399153879797,1.1699991699669292,1.7067252786159541,True,4,DIFFERENT
UPRE2,DTT,1.0,0.2,1.654936022093436,1.3772356565451938,1.9488727381786561,True,4,DIFFERENT
UPRE2,DTT,2.0,0.2,1.2078482413266065,1.0161612646973015,1.5346800591069483,True,4,DIFFERENT
UPRE2,DTT,5.0,0.2,1.163069252929554,0.9983370451779805,1.377649429467007,True,4,INCONCLUSIVE
AlteredYap1,H2O2,0.1,0.3,1.0159304122838728,0.9369915138859877,1.10916603192148,True,4,INCONCLUSIVE
AlteredYap1,H2O2,0.2,0.3,1.083001832602047,0.98309126949758,1.210163536297337,True,4,INCONCLUSIVE
AlteredYap1,H2O2,0.5,0.3,1.4371032619247002,1.115941721615894,1.8115154344604636,True,4,DIFFERENT
AlteredYap1,H2O2,1.0,0.3,1.0978112797972324,,,False,4,INCONCLUSIVE
AlteredYap1,H2O2,2.0,0.3,,,,False,4,INCONCLUSIVE
AlteredYap1,H2O2,4.0,0.3,,,,False,4,INCONCLUSIVE
NativeYap1,H2O2,0.1,0.3,0.9142613482047324,0.7006322714956835,1.0969816406595618,True,4,INCONCLUSIVE
NativeYap1,H2O2,0.2,0.3,1.0377956122442977,0.7650980158950059,1.317310158107141,True,4,INCONCLUSIVE
NativeYap1,H2O2,0.5,0.3,1.4466505711974587,1.0351415748572679,2.0102561768181335,True,4,DIFFERENT
NativeYap1,H2O2,1.0,0.3,1.3826433101109983,0.7162760523382437,2.4931221817575175,True,4,INCONCLUSIVE
NativeYap1,H2O2,2.0,0.3,,,,False,4,INCONCLUSIVE
NativeYap1,H2O2,4.0,0.3,0.03385108521645007,,,False,4,INCONCLUSIVE
UPRE1,DTT,0.1,0.3,1.0656918579850903,0.9846834880646764,1.1612175580308135,True,4,INCONCLUSIVE
UPRE1,DTT,0.2,0.3,1.1904860105167012,1.1209128658151069,1.2643120045403395,True,4,DIFFERENT
UPRE1,DTT,0.5,0.3,1.4234447343225387,1.263523392752068,1.6500143906508358,True,4,DIFFERENT
UPRE1,DTT,1.0,0.3,1.586182349952105,1.29638422037773,1.9119404445522785,True,4,DIFFERENT
UPRE1,DTT,2.0,0.3,1.2187467302863373,1.0123312826328357,1.4544099402310073,True,4,DIFFERENT
UPRE1,DTT,5.0,0.3,1.0629856241674245,0.8483153719095374,1.3340754219137756,True,4,INCONCLUSIVE
UPRE2,DTT,0.1,0.3,1.0844728554733336,0.9844927059258453,1.1905225822304668,True,4,INCONCLUSIVE
UPRE2,DTT,0.2,0.3,1.2092375792477545,1.0914775426852852,1.3078439351018765,True,4,DIFFERENT
UPRE2,DTT,0.5,0.3,1.493684128977698,1.1898254640233883,1.7496871543078982,True,4,DIFFERENT
UPRE2,DTT,1.0,0.3,1.7114209514973966,1.4237516210251973,2.0207304409646616,True,4,DIFFERENT
UPRE2,DTT,2.0,0.3,1.2700620903914634,1.0533211850859183,1.625088051298015,True,4,DIFFERENT
UPRE2,DTT,5.0,0.3,1.2239328869426565,1.0316156869687116,1.4676797021933337,True,4,DIFFERENT
