query,observable_id,method,estimand,coefficients,offset,fixed_condition_id,status,unit,minimum,maximum,minimum_status,maximum_status,minimum_validated,maximum_validated,maximum_certificate_residual,sign,tolerance,certificate,feasibility_status,domain_id,context,calibration_family,n_incomparable_pairs,incomparable_pairs,range_assumptions,sampling_status,requested_proposal,proposal_source,proposal_status,conditioning_status,distribution,seed,budget,requested_samples,attempted_samples,accepted_samples,rejected_samples,successful_samples,failed_samples,forward_evaluated,guarantee,source_doi,source_table_sha256,assumptions,details_file
order_only_absolute,GlucoseUptake,conditional affine LP,GlucoseUptake(vanHoek1998:D=0.4) without magnitude bounds,"{""vanHoek1998:D=0.4"": 1.0}",0.0,,unbounded,mmol/gDW/h,,,unbounded,unbounded,False,False,,crosses_zero,1e-08,"numerical SciPy/HiGHS LP certificate, not a rational exact proof",optimal,#/scopes/GlucoseUptake/domains/order_only,"{""comparison_axis"": ""reported steady-state growth_rate_per_h conditions"", ""cultivation"": ""aerobic glucose-limited chemostat"", ""medium"": ""defined mineral medium"", ""organism"": ""Saccharomyces cerevisiae"", ""ph"": 5.0, ""source_doi"": ""10.1128/AEM.64.11.4226-4233.1998"", ""strain"": ""DS28911"", ""table"": ""Table 1"", ""temperature_c"": 30.0}",10.1128/AEM.64.11.4226-4233.1998:Table 1:GlucoseUptake:published_coordinate,0,[],none; gap=0 weak relaxation,unidentified,"explicit uniform quotient-coordinate box conditioned on numeric orders; explicit fixed coordinates are point masses, not ambient tie conditioning",scripts/run_native_order_robustness.py:bounded_uniform_proposal,undefined_missing_bounds,undefined_proposal,,1729,4096,256,0,0,0,0,0,False,"Sharp conditional affine range on the declared domain, subject to numerical certificate/tolerance; not a biological probability. Sample counts describe proposals; no callback for this LP row.",10.1128/AEM.64.11.4226-4233.1998,4c01b3465ea1410c86709568da44a32b1de652c21a88de623bbf566838506117,"Primary Table 1 tokens have closed +/- half-last-printed-decimal bands ONLY under nearest rounding; these are not statistical CIs, SDs, or bounds on biological/calibration error. | Within each source/table/readout, published positive uptake magnitudes in mmol/gDW/h are comparable across the reported steady-state growth conditions. Glucose and oxygen are separate quantities/scopes. | Calibration gain='known' denotes use of the published numerical coordinate, conditional on that coordinate convention; the source does not independently establish error-free instrument calibration. | An edge requires both explicit bands and upper(lower_item) < lower(upper_item), compared in decimal arithmetic. Overlap, touching, or missing bounds imply incomparability, never a tie. | Orders and bounded domains come from the SAME measured tokens plus the SAME rounding assumption; they are not independent evidence. Disjoint-band orders are redundant once those bounds are imposed. | Order-only discards all magnitude bounds, anchors and positivity constraints. Its gap=0 LP is a closed weak relaxation of the strict qualitative order, not a physically calibrated uptake domain. | Source zeros mean below detection limit; the source provides no numeric detection limit. They supply neither an exact zero nor a nearest-rounding bound/edge. | Growth is an imposed reported dilution-rate setpoint, mu=D at chemostat steady state; no growth uncertainty band is inferred. | Uniform proposals and a chosen shared rescaling are explicitly assumed computations, not biological probabilities or extra measurements.",native_order_robustness.json
order_only_contrast,GlucoseUptake,conditional affine LP,GlucoseUptake(vanHoek1998:D=0.4) - GlucoseUptake(vanHoek1998:D=0.1),"{""vanHoek1998:D=0.1"": -1.0, ""vanHoek1998:D=0.4"": 1.0}",0.0,,unbounded,mmol/gDW/h,0,,optimal,unbounded,True,False,,nonnegative_within_tolerance,1e-08,"numerical SciPy/HiGHS LP certificate, not a rational exact proof",optimal,#/scopes/GlucoseUptake/domains/order_only,"{""comparison_axis"": ""reported steady-state growth_rate_per_h conditions"", ""cultivation"": ""aerobic glucose-limited chemostat"", ""medium"": ""defined mineral medium"", ""organism"": ""Saccharomyces cerevisiae"", ""ph"": 5.0, ""source_doi"": ""10.1128/AEM.64.11.4226-4233.1998"", ""strain"": ""DS28911"", ""table"": ""Table 1"", ""temperature_c"": 30.0}",10.1128/AEM.64.11.4226-4233.1998:Table 1:GlucoseUptake:published_coordinate,0,[],none; gap=0 weak relaxation,unidentified,"explicit uniform quotient-coordinate box conditioned on numeric orders; explicit fixed coordinates are point masses, not ambient tie conditioning",scripts/run_native_order_robustness.py:bounded_uniform_proposal,undefined_missing_bounds,undefined_proposal,,1729,4096,256,0,0,0,0,0,False,"Sharp conditional affine range on the declared domain, subject to numerical certificate/tolerance; not a biological probability. Sample counts describe proposals; no callback for this LP row.",10.1128/AEM.64.11.4226-4233.1998,4c01b3465ea1410c86709568da44a32b1de652c21a88de623bbf566838506117,"Primary Table 1 tokens have closed +/- half-last-printed-decimal bands ONLY under nearest rounding; these are not statistical CIs, SDs, or bounds on biological/calibration error. | Within each source/table/readout, published positive uptake magnitudes in mmol/gDW/h are comparable across the reported steady-state growth conditions. Glucose and oxygen are separate quantities/scopes. | Calibration gain='known' denotes use of the published numerical coordinate, conditional on that coordinate convention; the source does not independently establish error-free instrument calibration. | An edge requires both explicit bands and upper(lower_item) < lower(upper_item), compared in decimal arithmetic. Overlap, touching, or missing bounds imply incomparability, never a tie. | Orders and bounded domains come from the SAME measured tokens plus the SAME rounding assumption; they are not independent evidence. Disjoint-band orders are redundant once those bounds are imposed. | Order-only discards all magnitude bounds, anchors and positivity constraints. Its gap=0 LP is a closed weak relaxation of the strict qualitative order, not a physically calibrated uptake domain. | Source zeros mean below detection limit; the source provides no numeric detection limit. They supply neither an exact zero nor a nearest-rounding bound/edge. | Growth is an imposed reported dilution-rate setpoint, mu=D at chemostat steady state; no growth uncertainty band is inferred. | Uniform proposals and a chosen shared rescaling are explicitly assumed computations, not biological probabilities or extra measurements.",native_order_robustness.json
bounded_contrast,GlucoseUptake,conditional affine LP,GlucoseUptake(vanHoek1998:D=0.4) - GlucoseUptake(vanHoek1998:D=0.1),"{""vanHoek1998:D=0.1"": -1.0, ""vanHoek1998:D=0.4"": 1.0}",0.0,,bounded,mmol/gDW/h,9.9,10.1,optimal,optimal,True,True,0.0,positive,1e-08,"numerical SciPy/HiGHS LP certificate, not a rational exact proof",optimal,#/scopes/GlucoseUptake/domains/bounded,"{""comparison_axis"": ""reported steady-state growth_rate_per_h conditions"", ""cultivation"": ""aerobic glucose-limited chemostat"", ""medium"": ""defined mineral medium"", ""organism"": ""Saccharomyces cerevisiae"", ""ph"": 5.0, ""source_doi"": ""10.1128/AEM.64.11.4226-4233.1998"", ""strain"": ""DS28911"", ""table"": ""Table 1"", ""temperature_c"": 30.0}",10.1128/AEM.64.11.4226-4233.1998:Table 1:GlucoseUptake:published_coordinate,0,[],explicit nearest-rounding bands; chosen common rescaling only in scaled domain,complete,"explicit uniform quotient-coordinate box conditioned on numeric orders; explicit fixed coordinates are point masses, not ambient tie conditioning",scripts/run_native_order_robustness.py:bounded_uniform_proposal,defined,positive_probability,"explicit uniform quotient-coordinate box conditioned on numeric orders; explicit fixed coordinates are point masses, not ambient tie conditioning",1729,4096,256,256,256,0,0,0,False,"Sharp conditional affine range on the declared domain, subject to numerical certificate/tolerance; not a biological probability. Sample counts describe proposals; no callback for this LP row.",10.1128/AEM.64.11.4226-4233.1998,4c01b3465ea1410c86709568da44a32b1de652c21a88de623bbf566838506117,"Primary Table 1 tokens have closed +/- half-last-printed-decimal bands ONLY under nearest rounding; these are not statistical CIs, SDs, or bounds on biological/calibration error. | Within each source/table/readout, published positive uptake magnitudes in mmol/gDW/h are comparable across the reported steady-state growth conditions. Glucose and oxygen are separate quantities/scopes. | Calibration gain='known' denotes use of the published numerical coordinate, conditional on that coordinate convention; the source does not independently establish error-free instrument calibration. | An edge requires both explicit bands and upper(lower_item) < lower(upper_item), compared in decimal arithmetic. Overlap, touching, or missing bounds imply incomparability, never a tie. | Orders and bounded domains come from the SAME measured tokens plus the SAME rounding assumption; they are not independent evidence. Disjoint-band orders are redundant once those bounds are imposed. | Order-only discards all magnitude bounds, anchors and positivity constraints. Its gap=0 LP is a closed weak relaxation of the strict qualitative order, not a physically calibrated uptake domain. | Source zeros mean below detection limit; the source provides no numeric detection limit. They supply neither an exact zero nor a nearest-rounding bound/edge. | Growth is an imposed reported dilution-rate setpoint, mu=D at chemostat steady state; no growth uncertainty band is inferred. | Uniform proposals and a chosen shared rescaling are explicitly assumed computations, not biological probabilities or extra measurements.",native_order_robustness.json
scaled_contrast,GlucoseUptake,conditional affine LP,GlucoseUptake(vanHoek1998:D=0.4) - GlucoseUptake(vanHoek1998:D=0.1),"{""vanHoek1998:D=0.1"": -1.0, ""vanHoek1998:D=0.4"": 1.0}",0.0,,bounded,diagnostic_coordinate(7 * mmol/gDW/h),69.3,70.7,optimal,optimal,True,True,0.0,positive,1e-08,"numerical SciPy/HiGHS LP certificate, not a rational exact proof",optimal,#/scopes/GlucoseUptake/domains/scaled,"{""comparison_axis"": ""reported steady-state growth_rate_per_h conditions"", ""cultivation"": ""aerobic glucose-limited chemostat"", ""medium"": ""defined mineral medium"", ""organism"": ""Saccharomyces cerevisiae"", ""ph"": 5.0, ""source_doi"": ""10.1128/AEM.64.11.4226-4233.1998"", ""strain"": ""DS28911"", ""table"": ""Table 1"", ""temperature_c"": 30.0}",10.1128/AEM.64.11.4226-4233.1998:Table 1:GlucoseUptake:published_coordinate:shared_scale_diagnostic,0,[],explicit nearest-rounding bands; chosen common rescaling only in scaled domain,not_requested,,,not_requested,not_requested,,,,0,0,0,0,0,0,False,"Sharp conditional affine range on the declared domain, subject to numerical certificate/tolerance; not a biological probability. Sample counts describe proposals; no callback for this LP row.",10.1128/AEM.64.11.4226-4233.1998,4c01b3465ea1410c86709568da44a32b1de652c21a88de623bbf566838506117,"Primary Table 1 tokens have closed +/- half-last-printed-decimal bands ONLY under nearest rounding; these are not statistical CIs, SDs, or bounds on biological/calibration error. | Within each source/table/readout, published positive uptake magnitudes in mmol/gDW/h are comparable across the reported steady-state growth conditions. Glucose and oxygen are separate quantities/scopes. | Calibration gain='known' denotes use of the published numerical coordinate, conditional on that coordinate convention; the source does not independently establish error-free instrument calibration. | An edge requires both explicit bands and upper(lower_item) < lower(upper_item), compared in decimal arithmetic. Overlap, touching, or missing bounds imply incomparability, never a tie. | Orders and bounded domains come from the SAME measured tokens plus the SAME rounding assumption; they are not independent evidence. Disjoint-band orders are redundant once those bounds are imposed. | Order-only discards all magnitude bounds, anchors and positivity constraints. Its gap=0 LP is a closed weak relaxation of the strict qualitative order, not a physically calibrated uptake domain. | Source zeros mean below detection limit; the source provides no numeric detection limit. They supply neither an exact zero nor a nearest-rounding bound/edge. | Growth is an imposed reported dilution-rate setpoint, mu=D at chemostat steady state; no growth uncertainty band is inferred. | Uniform proposals and a chosen shared rescaling are explicitly assumed computations, not biological probabilities or extra measurements.",native_order_robustness.json
order_only_absolute,O2uptake,conditional affine LP,O2uptake(vanHoek1998:D=0.4) without magnitude bounds,"{""vanHoek1998:D=0.4"": 1.0}",0.0,,unbounded,mmol/gDW/h,,,unbounded,unbounded,False,False,,crosses_zero,1e-08,"numerical SciPy/HiGHS LP certificate, not a rational exact proof",optimal,#/scopes/O2uptake/domains/order_only,"{""comparison_axis"": ""reported steady-state growth_rate_per_h conditions"", ""cultivation"": ""aerobic glucose-limited chemostat"", ""medium"": ""defined mineral medium"", ""organism"": ""Saccharomyces cerevisiae"", ""ph"": 5.0, ""source_doi"": ""10.1128/AEM.64.11.4226-4233.1998"", ""strain"": ""DS28911"", ""table"": ""Table 1"", ""temperature_c"": 30.0}",10.1128/AEM.64.11.4226-4233.1998:Table 1:O2uptake:published_coordinate,0,[],none; gap=0 weak relaxation,unidentified,"explicit uniform quotient-coordinate box conditioned on numeric orders; explicit fixed coordinates are point masses, not ambient tie conditioning",scripts/run_native_order_robustness.py:bounded_uniform_proposal,undefined_missing_bounds,undefined_proposal,,1729,4096,256,0,0,0,0,0,False,"Sharp conditional affine range on the declared domain, subject to numerical certificate/tolerance; not a biological probability. Sample counts describe proposals; no callback for this LP row.",10.1128/AEM.64.11.4226-4233.1998,4c01b3465ea1410c86709568da44a32b1de652c21a88de623bbf566838506117,"Primary Table 1 tokens have closed +/- half-last-printed-decimal bands ONLY under nearest rounding; these are not statistical CIs, SDs, or bounds on biological/calibration error. | Within each source/table/readout, published positive uptake magnitudes in mmol/gDW/h are comparable across the reported steady-state growth conditions. Glucose and oxygen are separate quantities/scopes. | Calibration gain='known' denotes use of the published numerical coordinate, conditional on that coordinate convention; the source does not independently establish error-free instrument calibration. | An edge requires both explicit bands and upper(lower_item) < lower(upper_item), compared in decimal arithmetic. Overlap, touching, or missing bounds imply incomparability, never a tie. | Orders and bounded domains come from the SAME measured tokens plus the SAME rounding assumption; they are not independent evidence. Disjoint-band orders are redundant once those bounds are imposed. | Order-only discards all magnitude bounds, anchors and positivity constraints. Its gap=0 LP is a closed weak relaxation of the strict qualitative order, not a physically calibrated uptake domain. | Source zeros mean below detection limit; the source provides no numeric detection limit. They supply neither an exact zero nor a nearest-rounding bound/edge. | Growth is an imposed reported dilution-rate setpoint, mu=D at chemostat steady state; no growth uncertainty band is inferred. | Uniform proposals and a chosen shared rescaling are explicitly assumed computations, not biological probabilities or extra measurements.",native_order_robustness.json
order_only_contrast,O2uptake,conditional affine LP,O2uptake(vanHoek1998:D=0.4) - O2uptake(vanHoek1998:D=0.28),"{""vanHoek1998:D=0.28"": -1.0, ""vanHoek1998:D=0.4"": 1.0}",0.0,,unbounded,mmol/gDW/h,,0,unbounded,optimal,False,True,,nonpositive_within_tolerance,1e-08,"numerical SciPy/HiGHS LP certificate, not a rational exact proof",optimal,#/scopes/O2uptake/domains/order_only,"{""comparison_axis"": ""reported steady-state growth_rate_per_h conditions"", ""cultivation"": ""aerobic glucose-limited chemostat"", ""medium"": ""defined mineral medium"", ""organism"": ""Saccharomyces cerevisiae"", ""ph"": 5.0, ""source_doi"": ""10.1128/AEM.64.11.4226-4233.1998"", ""strain"": ""DS28911"", ""table"": ""Table 1"", ""temperature_c"": 30.0}",10.1128/AEM.64.11.4226-4233.1998:Table 1:O2uptake:published_coordinate,0,[],none; gap=0 weak relaxation,unidentified,"explicit uniform quotient-coordinate box conditioned on numeric orders; explicit fixed coordinates are point masses, not ambient tie conditioning",scripts/run_native_order_robustness.py:bounded_uniform_proposal,undefined_missing_bounds,undefined_proposal,,1729,4096,256,0,0,0,0,0,False,"Sharp conditional affine range on the declared domain, subject to numerical certificate/tolerance; not a biological probability. Sample counts describe proposals; no callback for this LP row.",10.1128/AEM.64.11.4226-4233.1998,4c01b3465ea1410c86709568da44a32b1de652c21a88de623bbf566838506117,"Primary Table 1 tokens have closed +/- half-last-printed-decimal bands ONLY under nearest rounding; these are not statistical CIs, SDs, or bounds on biological/calibration error. | Within each source/table/readout, published positive uptake magnitudes in mmol/gDW/h are comparable across the reported steady-state growth conditions. Glucose and oxygen are separate quantities/scopes. | Calibration gain='known' denotes use of the published numerical coordinate, conditional on that coordinate convention; the source does not independently establish error-free instrument calibration. | An edge requires both explicit bands and upper(lower_item) < lower(upper_item), compared in decimal arithmetic. Overlap, touching, or missing bounds imply incomparability, never a tie. | Orders and bounded domains come from the SAME measured tokens plus the SAME rounding assumption; they are not independent evidence. Disjoint-band orders are redundant once those bounds are imposed. | Order-only discards all magnitude bounds, anchors and positivity constraints. Its gap=0 LP is a closed weak relaxation of the strict qualitative order, not a physically calibrated uptake domain. | Source zeros mean below detection limit; the source provides no numeric detection limit. They supply neither an exact zero nor a nearest-rounding bound/edge. | Growth is an imposed reported dilution-rate setpoint, mu=D at chemostat steady state; no growth uncertainty band is inferred. | Uniform proposals and a chosen shared rescaling are explicitly assumed computations, not biological probabilities or extra measurements.",native_order_robustness.json
bounded_contrast,O2uptake,conditional affine LP,O2uptake(vanHoek1998:D=0.4) - O2uptake(vanHoek1998:D=0.28),"{""vanHoek1998:D=0.28"": -1.0, ""vanHoek1998:D=0.4"": 1.0}",0.0,,bounded,mmol/gDW/h,-3.8,-3.6,optimal,optimal,True,True,0.0,negative,1e-08,"numerical SciPy/HiGHS LP certificate, not a rational exact proof",optimal,#/scopes/O2uptake/domains/bounded,"{""comparison_axis"": ""reported steady-state growth_rate_per_h conditions"", ""cultivation"": ""aerobic glucose-limited chemostat"", ""medium"": ""defined mineral medium"", ""organism"": ""Saccharomyces cerevisiae"", ""ph"": 5.0, ""source_doi"": ""10.1128/AEM.64.11.4226-4233.1998"", ""strain"": ""DS28911"", ""table"": ""Table 1"", ""temperature_c"": 30.0}",10.1128/AEM.64.11.4226-4233.1998:Table 1:O2uptake:published_coordinate,0,[],explicit nearest-rounding bands; chosen common rescaling only in scaled domain,complete,"explicit uniform quotient-coordinate box conditioned on numeric orders; explicit fixed coordinates are point masses, not ambient tie conditioning",scripts/run_native_order_robustness.py:bounded_uniform_proposal,defined,positive_probability,"explicit uniform quotient-coordinate box conditioned on numeric orders; explicit fixed coordinates are point masses, not ambient tie conditioning",1729,4096,256,256,256,0,0,0,False,"Sharp conditional affine range on the declared domain, subject to numerical certificate/tolerance; not a biological probability. Sample counts describe proposals; no callback for this LP row.",10.1128/AEM.64.11.4226-4233.1998,4c01b3465ea1410c86709568da44a32b1de652c21a88de623bbf566838506117,"Primary Table 1 tokens have closed +/- half-last-printed-decimal bands ONLY under nearest rounding; these are not statistical CIs, SDs, or bounds on biological/calibration error. | Within each source/table/readout, published positive uptake magnitudes in mmol/gDW/h are comparable across the reported steady-state growth conditions. Glucose and oxygen are separate quantities/scopes. | Calibration gain='known' denotes use of the published numerical coordinate, conditional on that coordinate convention; the source does not independently establish error-free instrument calibration. | An edge requires both explicit bands and upper(lower_item) < lower(upper_item), compared in decimal arithmetic. Overlap, touching, or missing bounds imply incomparability, never a tie. | Orders and bounded domains come from the SAME measured tokens plus the SAME rounding assumption; they are not independent evidence. Disjoint-band orders are redundant once those bounds are imposed. | Order-only discards all magnitude bounds, anchors and positivity constraints. Its gap=0 LP is a closed weak relaxation of the strict qualitative order, not a physically calibrated uptake domain. | Source zeros mean below detection limit; the source provides no numeric detection limit. They supply neither an exact zero nor a nearest-rounding bound/edge. | Growth is an imposed reported dilution-rate setpoint, mu=D at chemostat steady state; no growth uncertainty band is inferred. | Uniform proposals and a chosen shared rescaling are explicitly assumed computations, not biological probabilities or extra measurements.",native_order_robustness.json
scaled_contrast,O2uptake,conditional affine LP,O2uptake(vanHoek1998:D=0.4) - O2uptake(vanHoek1998:D=0.28),"{""vanHoek1998:D=0.28"": -1.0, ""vanHoek1998:D=0.4"": 1.0}",0.0,,bounded,diagnostic_coordinate(7 * mmol/gDW/h),-26.6,-25.2,optimal,optimal,True,True,0.0,negative,1e-08,"numerical SciPy/HiGHS LP certificate, not a rational exact proof",optimal,#/scopes/O2uptake/domains/scaled,"{""comparison_axis"": ""reported steady-state growth_rate_per_h conditions"", ""cultivation"": ""aerobic glucose-limited chemostat"", ""medium"": ""defined mineral medium"", ""organism"": ""Saccharomyces cerevisiae"", ""ph"": 5.0, ""source_doi"": ""10.1128/AEM.64.11.4226-4233.1998"", ""strain"": ""DS28911"", ""table"": ""Table 1"", ""temperature_c"": 30.0}",10.1128/AEM.64.11.4226-4233.1998:Table 1:O2uptake:published_coordinate:shared_scale_diagnostic,0,[],explicit nearest-rounding bands; chosen common rescaling only in scaled domain,not_requested,,,not_requested,not_requested,,,,0,0,0,0,0,0,False,"Sharp conditional affine range on the declared domain, subject to numerical certificate/tolerance; not a biological probability. Sample counts describe proposals; no callback for this LP row.",10.1128/AEM.64.11.4226-4233.1998,4c01b3465ea1410c86709568da44a32b1de652c21a88de623bbf566838506117,"Primary Table 1 tokens have closed +/- half-last-printed-decimal bands ONLY under nearest rounding; these are not statistical CIs, SDs, or bounds on biological/calibration error. | Within each source/table/readout, published positive uptake magnitudes in mmol/gDW/h are comparable across the reported steady-state growth conditions. Glucose and oxygen are separate quantities/scopes. | Calibration gain='known' denotes use of the published numerical coordinate, conditional on that coordinate convention; the source does not independently establish error-free instrument calibration. | An edge requires both explicit bands and upper(lower_item) < lower(upper_item), compared in decimal arithmetic. Overlap, touching, or missing bounds imply incomparability, never a tie. | Orders and bounded domains come from the SAME measured tokens plus the SAME rounding assumption; they are not independent evidence. Disjoint-band orders are redundant once those bounds are imposed. | Order-only discards all magnitude bounds, anchors and positivity constraints. Its gap=0 LP is a closed weak relaxation of the strict qualitative order, not a physically calibrated uptake domain. | Source zeros mean below detection limit; the source provides no numeric detection limit. They supply neither an exact zero nor a nearest-rounding bound/edge. | Growth is an imposed reported dilution-rate setpoint, mu=D at chemostat steady state; no growth uncertainty band is inferred. | Uniform proposals and a chosen shared rescaling are explicitly assumed computations, not biological probabilities or extra measurements.",native_order_robustness.json
apparent_specific_yield,GlucoseUptake,sampled nonlinear callback,apparent specific yield mu / (q_glucose * glucose_molar_mass / 1000) at D=0.10,,,vanHoek1998:D=0.1,positive_on_samples,gDW/g_glucose,0.4828,0.5279,sampled_only,sampled_only,False,False,,positive,1e-08,none for nonlinear envelope,optimal,#/scopes/GlucoseUptake/domains/bounded,"{""comparison_axis"": ""reported steady-state growth_rate_per_h conditions"", ""cultivation"": ""aerobic glucose-limited chemostat"", ""medium"": ""defined mineral medium"", ""organism"": ""Saccharomyces cerevisiae"", ""ph"": 5.0, ""source_doi"": ""10.1128/AEM.64.11.4226-4233.1998"", ""strain"": ""DS28911"", ""table"": ""Table 1"", ""temperature_c"": 30.0}",10.1128/AEM.64.11.4226-4233.1998:Table 1:GlucoseUptake:published_coordinate,0,[],explicit nearest-rounding glucose bands; fixed mu=0.10/h; conventional glucose mass 180.156 g/mol,complete,"explicit uniform quotient-coordinate box conditioned on numeric orders; explicit fixed coordinates are point masses, not ambient tie conditioning",scripts/run_native_order_robustness.py:bounded_uniform_proposal,defined,positive_probability,"explicit uniform quotient-coordinate box conditioned on numeric orders; explicit fixed coordinates are point masses, not ambient tie conditioning",1729,4096,256,256,256,0,256,0,True,"sampled envelope, NOT a global certificate or statistical CI; failed samples retained in counts/records",10.1128/AEM.64.11.4226-4233.1998,4c01b3465ea1410c86709568da44a32b1de652c21a88de623bbf566838506117,"Primary Table 1 tokens have closed +/- half-last-printed-decimal bands ONLY under nearest rounding; these are not statistical CIs, SDs, or bounds on biological/calibration error. | Within each source/table/readout, published positive uptake magnitudes in mmol/gDW/h are comparable across the reported steady-state growth conditions. Glucose and oxygen are separate quantities/scopes. | Calibration gain='known' denotes use of the published numerical coordinate, conditional on that coordinate convention; the source does not independently establish error-free instrument calibration. | An edge requires both explicit bands and upper(lower_item) < lower(upper_item), compared in decimal arithmetic. Overlap, touching, or missing bounds imply incomparability, never a tie. | Orders and bounded domains come from the SAME measured tokens plus the SAME rounding assumption; they are not independent evidence. Disjoint-band orders are redundant once those bounds are imposed. | Order-only discards all magnitude bounds, anchors and positivity constraints. Its gap=0 LP is a closed weak relaxation of the strict qualitative order, not a physically calibrated uptake domain. | Source zeros mean below detection limit; the source provides no numeric detection limit. They supply neither an exact zero nor a nearest-rounding bound/edge. | Growth is an imposed reported dilution-rate setpoint, mu=D at chemostat steady state; no growth uncertainty band is inferred. | Uniform proposals and a chosen shared rescaling are explicitly assumed computations, not biological probabilities or extra measurements.",native_order_robustness.json
