plate,construct,stressor,dose_mM,mu_max,n_points,mu_late,mu_late_se,activity_late_sigma,reporter_cv,well,naive_late,activity_late,activity_late_percell,mu_max_well,mu_late_se_well
20260722_ER&OxidativeS,AlteredYap1,H2O2,0.0,0.5573572725963984,25,0.2768315053368212,0.006862316664401371,55.954289964728325,0.005298295409250353,A10,2131.6508873610255,1005.2152718738564,1007.478430571449,0.49224065460379074,0.006235197800198594
20260722_ER&OxidativeS,AlteredYap1,H2O2,0.0,0.5573572725963984,25,0.2768315053368212,0.006862316664401371,55.954289964728325,0.005298295409250353,A11,2118.898030639911,933.2065062276284,958.9945179970138,0.532900553939792,0.008134502330444915
20260722_ER&OxidativeS,AlteredYap1,H2O2,0.0,0.5573572725963984,25,0.2768315053368212,0.006862316664401371,55.954289964728325,0.005298295409250353,A12,2130.3961838267137,1016.2100357493119,982.5167538770426,0.648923933412959,0.006600025816434592
20260722_ER&OxidativeS,AlteredYap1,H2O2,0.1,0.5350392256074226,25,0.2657343858779811,0.0070380080518480746,55.813497666893404,0.004434981566990631,B10,2819.3336472213573,1039.5199686939966,1069.0025128886314,0.581569159873713,0.0059080762839187765
20260722_ER&OxidativeS,AlteredYap1,H2O2,0.1,0.5350392256074226,25,0.2657343858779811,0.0070380080518480746,55.813497666893404,0.004434981566990631,B11,2836.3142376184214,989.5002873441803,996.6811071588503,0.48938759687646183,0.008715107256120907
20260722_ER&OxidativeS,AlteredYap1,H2O2,0.1,0.5350392256074226,25,0.2657343858779811,0.0070380080518480746,55.813497666893404,0.004434981566990631,B12,2663.9746897827285,904.4477644487719,875.2233555077826,0.5479518973011739,0.006877499386951652
20260722_ER&OxidativeS,AlteredYap1,H2O2,0.2,0.4725248997567312,25,0.2980675564044529,0.007164455332322148,66.40325255585542,0.006642228578505507,C10,3086.250277704627,1025.718357658561,1054.2590351623844,0.4910683030233,0.007352093866894625
20260722_ER&OxidativeS,AlteredYap1,H2O2,0.2,0.4725248997567312,25,0.2980675564044529,0.007164455332322148,66.40325255585542,0.006642228578505507,C11,3114.728234913948,1012.2395422863618,972.4643567285775,0.5261121444902599,0.0067698329164664565
20260722_ER&OxidativeS,AlteredYap1,H2O2,0.2,0.4725248997567312,25,0.2980675564044529,0.007164455332322148,66.40325255585542,0.006642228578505507,C12,2881.0395156862724,1008.0465789004398,1006.6709957304514,0.47710081404092997,0.007931051580919274
20260722_ER&OxidativeS,AlteredYap1,H2O2,0.5,0.41745210555448437,25,0.3685539711115184,0.007881422811146278,44.378069827370304,0.005661122115480605,D10,3412.3478000003497,1225.0349205025639,1318.825177491987,0.43482690276337,0.009443592839934258
20260722_ER&OxidativeS,AlteredYap1,H2O2,0.5,0.41745210555448437,25,0.3685539711115184,0.007881422811146278,44.378069827370304,0.005661122115480605,D11,3445.5616042037545,1243.2329307373464,1304.2775742134638,0.412906302524342,0.004803442404166085
20260722_ER&OxidativeS,AlteredYap1,H2O2,0.5,0.41745210555448437,25,0.3685539711115184,0.007881422811146278,44.378069827370304,0.005661122115480605,D12,3663.568567335867,1469.066418812544,1300.48183645329,0.43842780848223206,0.009923434713814325
20260722_ER&OxidativeS,AlteredYap1,H2O2,1.0,0.4052055235218707,25,0.34915846085396024,0.008528192066746007,210.62614209439536,0.010295530692357167,E10,4568.26918095795,1874.4726508541785,1998.2683326746612,0.34191723925291134,0.0034972419307025913
20260722_ER&OxidativeS,AlteredYap1,H2O2,1.0,0.4052055235218707,25,0.34915846085396024,0.008528192066746007,210.62614209439536,0.010295530692357167,E11,4952.0516029880255,2116.6008700392777,1951.8292912038564,0.42463720033108604,0.0007468268419693134
20260722_ER&OxidativeS,AlteredYap1,H2O2,1.0,0.4052055235218707,25,0.34915846085396024,0.008528192066746007,210.62614209439536,0.010295530692357167,E12,4680.950345094689,1835.1319930427148,1955.2731847304785,0.43357026162911444,0.024138948616408175
20260722_ER&OxidativeS,AlteredYap1,H2O2,2.0,0.20790663727636202,25,0.07227329741716214,0.018790477433031683,27.497402838346495,0.08962082397110607,F10,-251.38823157015665,-11.476999476390992,10.833322547732735,0.26614479739376357,0.044814568095035166
20260722_ER&OxidativeS,AlteredYap1,H2O2,2.0,0.20790663727636202,25,0.07227329741716214,0.018790477433031683,27.497402838346495,0.08962082397110607,F11,128.37741124225704,106.63889062530508,113.69804926610053,0.18393550211797144,0.005913423438985842
20260722_ER&OxidativeS,AlteredYap1,H2O2,2.0,0.20790663727636202,25,0.07227329741716214,0.018790477433031683,27.497402838346495,0.08962082397110607,F12,-301.94609806627426,-131.2546555947082,-144.97051308547918,0.15510082647284948,0.004073315324939372
20260722_ER&OxidativeS,AlteredYap1,H2O2,4.0,0.17257640732527604,25,0.046937056095653636,0.005421341434581546,52.535114219444765,0.03908512348992626,G10,-591.2270654055807,-54.516882997762785,-70.63774169071236,0.10893922454736217,0.006674841080020404
20260722_ER&OxidativeS,AlteredYap1,H2O2,4.0,0.17257640732527604,25,0.046937056095653636,0.005421341434581546,52.535114219444765,0.03908512348992626,G11,-382.22253217750847,-32.754409813182136,-39.51497778316959,0.07607322770768572,0.003652437849848766
20260722_ER&OxidativeS,AlteredYap1,H2O2,4.0,0.17257640732527604,25,0.046937056095653636,0.005421341434581546,52.535114219444765,0.03908512348992626,G12,-599.7731384756306,10.718455717182783,-36.81163936983474,0.41350869855974615,0.020810845207956324
20260722_ER&OxidativeS,NativeYap1,H2O2,0.0,0.6022399676765486,25,0.41052936069280443,0.006771512941804584,67.94998965045451,0.009118947843757639,A7,2127.7015973848734,1188.3092343794226,1206.6985428470957,0.5881146817012524,0.007398507783898943
20260722_ER&OxidativeS,NativeYap1,H2O2,0.0,0.6022399676765486,25,0.41052936069280443,0.006771512941804584,67.94998965045451,0.009118947843757639,A8,1966.1415291254539,1170.148343665392,1166.5641237580883,0.6134727181351903,0.007049372494306567
20260722_ER&OxidativeS,NativeYap1,H2O2,0.0,0.6022399676765486,25,0.41052936069280443,0.006771512941804584,67.94998965045451,0.009118947843757639,A9,2147.518579418896,1216.4639307033838,1199.2719411869705,0.6066122908206457,0.006613573785277304
20260722_ER&OxidativeS,NativeYap1,H2O2,0.1,0.5639310217266078,25,0.40912963552489917,0.007787739653010568,87.73334054138006,0.009191727460477193,B7,2852.7330105709493,1191.1235066731972,1219.582836100064,0.5898850683973428,0.007981577007590309
20260722_ER&OxidativeS,NativeYap1,H2O2,0.1,0.5639310217266078,25,0.40912963552489917,0.007787739653010568,87.73334054138006,0.009191727460477193,B8,2733.7598936337904,1180.6121669777388,1283.8940564581067,0.5716679162891586,0.008263939392417896
20260722_ER&OxidativeS,NativeYap1,H2O2,0.1,0.5639310217266078,25,0.40912963552489917,0.007787739653010568,87.73334054138006,0.009191727460477193,B9,2772.1851253533064,1211.9960976499626,1235.622856634617,0.5321112844241792,0.007468583039331131
20260722_ER&OxidativeS,NativeYap1,H2O2,0.2,0.5631944001965311,25,0.4503309139615947,0.005433030124287545,99.54845270414073,0.013716783400958662,C7,3226.2433072297786,1389.4294101351495,1441.6450101508028,0.5273066392663909,0.006642871356827571
20260722_ER&OxidativeS,NativeYap1,H2O2,0.2,0.5631944001965311,25,0.4503309139615947,0.005433030124287545,99.54845270414073,0.013716783400958662,C8,3238.2730607126127,1359.5011851025188,1340.9085546793915,0.6010525280362167,0.005667277704640632
20260722_ER&OxidativeS,NativeYap1,H2O2,0.2,0.5631944001965311,25,0.4503309139615947,0.005433030124287545,99.54845270414073,0.013716783400958662,C9,3160.8562554381433,1289.6005814822947,1377.1485269194598,0.6166771682389891,0.004555117190679072
20260722_ER&OxidativeS,NativeYap1,H2O2,0.5,0.491508201188433,25,0.4890542641334141,0.002823563742841269,127.58660890161339,0.013337012443054228,D7,4152.853216654682,1694.8753852765726,1777.9313898118069,0.47019881080689296,0.0026459555796080007
20260722_ER&OxidativeS,NativeYap1,H2O2,0.5,0.491508201188433,25,0.4890542641334141,0.002823563742841269,127.58660890161339,0.013337012443054228,D8,3904.6916117562932,1722.9116385383736,1822.3937864611278,0.4998979610007816,0.0027514351504531838
20260722_ER&OxidativeS,NativeYap1,H2O2,0.5,0.491508201188433,25,0.4890542641334141,0.002823563742841269,127.58660890161339,0.013337012443054228,D9,3890.379737967484,1680.768548006758,1865.4179417743483,0.5083588494914666,0.004692001701112417
20260722_ER&OxidativeS,NativeYap1,H2O2,1.0,0.3457491655997723,25,0.24341257259374932,0.026751011483467806,244.97897401741497,0.019934010271652508,E7,4876.521721511255,1773.6582202152338,2049.366185110673,0.3060678199461498,0.05307015308063551
20260722_ER&OxidativeS,NativeYap1,H2O2,1.0,0.3457491655997723,25,0.24341257259374932,0.026751011483467806,244.97897401741497,0.019934010271652508,E8,5624.011940570456,2306.3200063308686,2341.5161097068712,0.3600208701135849,0.052975809887784185
20260722_ER&OxidativeS,NativeYap1,H2O2,1.0,0.3457491655997723,25,0.24341257259374932,0.026751011483467806,244.97897401741497,0.019934010271652508,E9,5694.992101914584,2429.435976637521,2159.606393517627,0.3780696389117216,0.02032133276277677
20260722_ER&OxidativeS,NativeYap1,H2O2,2.0,0.17097502200536177,25,0.10335377176422413,0.038488049465612004,146.36671760278932,0.07506549754660952,F7,-507.18067509217184,-80.45021007975696,-44.33807131037166,0.282717857959825,0.09006603349527044
20260722_ER&OxidativeS,NativeYap1,H2O2,2.0,0.17097502200536177,25,0.10335377176422413,0.038488049465612004,146.36671760278932,0.07506549754660952,F8,-327.96125142895477,-56.90189416318417,-64.54363287823818,0.16233188511669763,0.01811677078017154
20260722_ER&OxidativeS,NativeYap1,H2O2,2.0,0.17097502200536177,25,0.10335377176422413,0.038488049465612004,146.36671760278932,0.07506549754660952,F9,-586.7195332243831,-254.23027905371086,-304.9756096517567,0.2526798679115593,0.02385242981711698
20260722_ER&OxidativeS,NativeYap1,H2O2,4.0,0.18074610084529705,25,0.038745458405198385,0.04626821513968457,146.52540809029009,0.10560013200017852,G7,-668.0910655189807,-141.335161049575,-144.8552226342978,0.2050163118222741,0.10920110259847708
20260722_ER&OxidativeS,NativeYap1,H2O2,4.0,0.18074610084529705,25,0.038745458405198385,0.04626821513968457,146.52540809029009,0.10560013200017852,G8,-624.9598186546908,-5.657501924369285,78.54642900217216,0.17935757583772377,0.053007430398703884
20260722_ER&OxidativeS,NativeYap1,H2O2,4.0,0.18074610084529705,25,0.038745458405198385,0.04626821513968457,146.52540809029009,0.10560013200017852,G9,-729.5199249462884,-174.0390735361366,-189.62042591827912,0.23039354052902672,0.11132210540250806
20260722_ER&OxidativeS,UPRE1,DTT,0.0,0.5681840118165806,25,0.21377621362296265,0.010359004858032447,71.42764124105483,0.0065998876824189005,A1,4665.703205763416,2187.4644520245565,2183.323348120365,0.4869853051035352,0.01467732742531719
20260722_ER&OxidativeS,UPRE1,DTT,0.0,0.5681840118165806,25,0.21377621362296265,0.010359004858032447,71.42764124105483,0.0065998876824189005,A2,4753.064361387798,2136.1155472304317,2158.421213712597,0.5672445491425584,0.012659239448927048
20260722_ER&OxidativeS,UPRE1,DTT,0.0,0.5681840118165806,25,0.21377621362296265,0.010359004858032447,71.42764124105483,0.0065998876824189005,A3,4755.5531339754825,2156.76323417671,2093.326410221842,0.6623440282696631,0.005356229970981685
20260722_ER&OxidativeS,UPRE1,DTT,0.1,0.5618510237007165,25,0.20480190677855425,0.007932594077674859,87.56722399406385,0.007604944511334983,B1,5237.910786405183,2218.5623875423526,2219.9986825366564,0.5294109056469185,0.013312270260437825
20260722_ER&OxidativeS,UPRE1,DTT,0.1,0.5618510237007165,25,0.20480190677855425,0.007932594077674859,87.56722399406385,0.007604944511334983,B2,5178.338613172547,2202.1407346661426,2249.9825067898014,0.6065245153073774,0.006808267816654405
20260722_ER&OxidativeS,UPRE1,DTT,0.1,0.5618510237007165,25,0.20480190677855425,0.007932594077674859,87.56722399406385,0.007604944511334983,B3,5096.8363167003345,2256.1609036017085,2195.016055291362,0.5506003261412972,0.00488660149273339
20260722_ER&OxidativeS,UPRE1,DTT,0.2,0.4725008870974527,25,0.20574707566553838,0.006937121047859856,89.79813778726582,0.003578752410085809,C1,5690.879024729237,2499.369272662854,2498.8451050478297,0.38564630484213674,0.007267243224022729
20260722_ER&OxidativeS,UPRE1,DTT,0.2,0.4725008870974527,25,0.20574707566553838,0.006937121047859856,89.79813778726582,0.003578752410085809,C2,5399.692803451092,2324.6652658583703,2302.2685334588746,0.6040055797634948,0.006315385631974563
20260722_ER&OxidativeS,UPRE1,DTT,0.2,0.4725008870974527,25,0.20574707566553838,0.006937121047859856,89.79813778726582,0.003578752410085809,C3,5744.5530901291195,2446.562401079752,2460.0658489122166,0.45227923864702346,0.0073210839204545805
20260722_ER&OxidativeS,UPRE1,DTT,0.5,0.5022265630693905,25,0.2093671208809115,0.005304023407503188,114.46116570463167,0.009259822615354886,D1,6450.249338091309,2791.5089899357226,2908.5395405198624,0.5076740215516545,0.0017052540036564855
20260722_ER&OxidativeS,UPRE1,DTT,0.5,0.5022265630693905,25,0.2093671208809115,0.005304023407503188,114.46116570463167,0.009259822615354886,D2,6109.984840631753,2557.0298282396325,2538.122731107041,0.5218751777496682,0.012084938997666696
20260722_ER&OxidativeS,UPRE1,DTT,0.5,0.5022265630693905,25,0.2093671208809115,0.005304023407503188,114.46116570463167,0.009259822615354886,D3,6718.780941505787,2814.9298043623016,2780.637289525152,0.4772212153281542,0.007639195418166757
20260722_ER&OxidativeS,UPRE1,DTT,1.0,0.45127187581337297,25,0.16069516396452607,0.0030493263160739016,98.49258261050137,0.004670954463000533,E1,8942.86392894785,2561.428605713632,2609.8279901762694,0.3397731999290431,0.005797280443970996
20260722_ER&OxidativeS,UPRE1,DTT,1.0,0.45127187581337297,25,0.16069516396452607,0.0030493263160739016,98.49258261050137,0.004670954463000533,E2,8601.434706744916,2646.486223426062,2677.565266712242,0.5363686805702482,0.0021381731444593145
20260722_ER&OxidativeS,UPRE1,DTT,1.0,0.45127187581337297,25,0.16069516396452607,0.0030493263160739016,98.49258261050137,0.004670954463000533,E3,9296.18650718967,2892.744305106655,2767.0922244528833,0.49977876148493156,0.002421058693542431
20260722_ER&OxidativeS,UPRE1,DTT,2.0,0.3351024346878618,25,0.06789062861130926,0.0034356461966254725,120.76156952773279,0.006961360006140175,F1,9743.602499221244,2041.3461548519397,2099.4496007146877,0.3022151024672893,0.008691531003758185
20260722_ER&OxidativeS,UPRE1,DTT,2.0,0.3351024346878618,25,0.06789062861130926,0.0034356461966254725,120.76156952773279,0.006961360006140175,F2,9243.285684319744,1871.490257834013,1850.8485193344734,0.30149703126376987,0.006947021434141008
20260722_ER&OxidativeS,UPRE1,DTT,2.0,0.3351024346878618,25,0.06789062861130926,0.0034356461966254725,120.76156952773279,0.006961360006140175,F3,10342.95869891372,2264.917400921864,2154.807031032177,0.411423983254693,0.0012279197630665967
20260722_ER&OxidativeS,UPRE1,DTT,5.0,0.3449204251104805,25,0.08184094535827371,0.008392940692228321,211.0699979292749,0.01156105541695521,G1,8478.716299303534,1732.5888723852004,1851.9146556924811,0.31222030532513173,0.0026528057023938807
20260722_ER&OxidativeS,UPRE1,DTT,5.0,0.3449204251104805,25,0.08184094535827371,0.008392940692228321,211.0699979292749,0.01156105541695521,G2,8050.62012556736,1771.6780907789273,1919.9070409133292,0.38358674417724814,0.018594829131967198
20260722_ER&OxidativeS,UPRE1,DTT,5.0,0.3449204251104805,25,0.08184094535827371,0.008392940692228321,211.0699979292749,0.01156105541695521,G3,8035.091807475641,1800.287544301784,1802.3959516911775,0.338572500581185,0.012154071759564265
20260722_ER&OxidativeS,UPRE2,DTT,0.0,0.46613219119075594,25,0.2121018842372059,0.0070244902016348585,47.251048181122464,0.005057837027681207,A4,4005.944536186768,1635.2375886760285,1633.7620093858338,0.4837686192699132,0.006147062821426893
20260722_ER&OxidativeS,UPRE2,DTT,0.0,0.46613219119075594,25,0.2121018842372059,0.0070244902016348585,47.251048181122464,0.005057837027681207,A5,4291.785173683265,1764.1064529005494,1720.2070562669473,0.47376628405458443,0.009074860795896277
20260722_ER&OxidativeS,UPRE2,DTT,0.0,0.46613219119075594,25,0.2121018842372059,0.0070244902016348585,47.251048181122464,0.005057837027681207,A6,4396.95830473907,1799.2168634091324,1848.282513847725,0.4427312337517598,0.007424902605299323
20260722_ER&OxidativeS,UPRE2,DTT,0.1,0.41966485267487746,25,0.21049925044699067,0.006140861720753067,52.52787147593074,0.003407116985367872,B4,4589.406367301332,1816.4785569978324,1804.8904567095262,0.4434185876314596,0.0071685520796594465
20260722_ER&OxidativeS,UPRE2,DTT,0.1,0.41966485267487746,25,0.21049925044699067,0.006140861720753067,52.52787147593074,0.003407116985367872,B5,4648.309575342491,1869.0773207781135,1867.2746562043915,0.44130463162978745,0.004525971145427191
20260722_ER&OxidativeS,UPRE2,DTT,0.1,0.41966485267487746,25,0.21049925044699067,0.006140861720753067,52.52787147593074,0.003407116985367872,B6,4975.8310745193385,2062.0470720550156,2061.25731997857,0.3905965421032852,0.006959587479882071
20260722_ER&OxidativeS,UPRE2,DTT,0.2,0.4340405440623589,25,0.21282302062577443,0.005404994234990764,78.81213996719715,0.004806446487108096,C4,5025.848059516843,2126.0035111217676,2139.599128838877,0.4399913555844094,0.008592558893298909
20260722_ER&OxidativeS,UPRE2,DTT,0.2,0.4340405440623589,25,0.21282302062577443,0.005404994234990764,78.81213996719715,0.004806446487108096,C5,4990.4015890020655,2051.729972942578,2051.5431595175255,0.4308997256893935,0.006952534912309459
20260722_ER&OxidativeS,UPRE2,DTT,0.2,0.4340405440623589,25,0.21282302062577443,0.005404994234990764,78.81213996719715,0.004806446487108096,C6,5104.806296270898,2172.6354838221678,2163.499408057903,0.4311132120727861,0.00576050603005843
20260722_ER&OxidativeS,UPRE2,DTT,0.5,0.4044869744564588,25,0.21744246585817614,0.006424507129044071,64.74184496500698,0.004360911270474725,D4,6105.2094298947095,2561.5017435231607,2508.3155647596436,0.3937748084209147,0.006412359320723936
20260722_ER&OxidativeS,UPRE2,DTT,0.5,0.4044869744564588,25,0.21744246585817614,0.006424507129044071,64.74184496500698,0.004360911270474725,D5,6242.207349139382,2557.5937759132366,2585.1530001282526,0.4172979361370367,0.004820531237883166
20260722_ER&OxidativeS,UPRE2,DTT,0.5,0.4044869744564588,25,0.21744246585817614,0.006424507129044071,64.74184496500698,0.004360911270474725,D6,5899.618633281922,2511.653370365907,2513.9743872207523,0.40532487450032734,0.008238954438194047
20260722_ER&OxidativeS,UPRE2,DTT,1.0,0.41083350504212673,25,0.15201175026177802,0.003198253015692299,125.04691039752116,0.0034480255842830325,E4,9072.879976309714,2671.850497018073,2732.8329453726788,0.3449377900199614,0.0015081164384611282
20260722_ER&OxidativeS,UPRE2,DTT,1.0,0.41083350504212673,25,0.15201175026177802,0.003198253015692299,125.04691039752116,0.0034480255842830325,E5,9053.586892798221,2757.2735446843953,2892.029294819746,0.40031631345401003,0.009891227091404725
20260722_ER&OxidativeS,UPRE2,DTT,1.0,0.41083350504212673,25,0.15201175026177802,0.003198253015692299,125.04691039752116,0.0034480255842830325,E6,8738.329343733303,2780.563997863369,2640.66085188455,0.494457312354245,0.00202973392411755
20260722_ER&OxidativeS,UPRE2,DTT,2.0,0.43364670856359755,25,0.0718081835790237,0.002678906310798837,111.40583424569566,0.0038442444358870232,F4,9574.62248216115,1875.5922795013175,1882.5234423091024,0.3468228361667954,0.003569250713759812
20260722_ER&OxidativeS,UPRE2,DTT,2.0,0.43364670856359755,25,0.0718081835790237,0.002678906310798837,111.40583424569566,0.0038442444358870232,F5,9107.287280231654,1700.8168105381408,1701.6054656776912,0.5272483773580336,0.00408106956722081
20260722_ER&OxidativeS,UPRE2,DTT,2.0,0.43364670856359755,25,0.0718081835790237,0.002678906310798837,111.40583424569566,0.0038442444358870232,F6,9272.159800426443,1776.1952478104374,1776.4858808063416,0.42942405193706285,0.0018104163444883858
20260722_ER&OxidativeS,UPRE2,DTT,5.0,0.4302723947779702,25,0.06431701665038451,0.0051898345681735,124.29078966989353,0.006071642693147884,G4,8317.878385911798,1682.6807303443868,1655.083615234182,0.43765106655957636,0.0019426159155744593
20260722_ER&OxidativeS,UPRE2,DTT,5.0,0.4302723947779702,25,0.06431701665038451,0.0051898345681735,124.29078966989353,0.006071642693147884,G5,7758.695350946505,1592.6756596415325,1577.1264811366727,0.48187551580273014,0.012847703871932117
20260722_ER&OxidativeS,UPRE2,DTT,5.0,0.4302723947779702,25,0.06431701665038451,0.0051898345681735,124.29078966989353,0.006071642693147884,G6,8153.159243990694,1771.690752314649,1803.462212815099,0.36992181706559046,0.004936290177782552
20260728_ER&OxidativeS,AlteredYap1,H2O2,0.0,0.6142429423163557,25,0.23186266241508774,0.0074201752074938175,55.45027608631457,0.013810336796549813,A10,1906.4382824171896,747.135535020645,757.642049199475,0.600273128708242,0.016593725077043046
20260728_ER&OxidativeS,AlteredYap1,H2O2,0.0,0.6142429423163557,25,0.23186266241508774,0.0074201752074938175,55.45027608631457,0.013810336796549813,A11,1847.1434884160535,748.6569128780471,762.1384675475692,0.7040707156263715,0.019766785717787012
20260728_ER&OxidativeS,AlteredYap1,H2O2,0.0,0.6142429423163557,25,0.23186266241508774,0.0074201752074938175,55.45027608631457,0.013810336796549813,A12,2067.5881486820836,845.979505545909,783.3571723314105,0.5722223141393059,0.011886077788703212
20260728_ER&OxidativeS,AlteredYap1,H2O2,0.1,0.5039168791211622,25,0.2508184674578236,0.007459174182871923,83.17528398704414,0.009554541783934644,B10,2681.1661318602787,779.8671386914524,800.0454146472174,0.5030403444995701,0.0055294608409893415
20260728_ER&OxidativeS,AlteredYap1,H2O2,0.1,0.5039168791211622,25,0.2508184674578236,0.007459174182871923,83.17528398704414,0.009554541783934644,B11,2657.941515188898,865.7578770661115,862.3474712886124,0.4772682450427431,0.004508915254905851
20260728_ER&OxidativeS,AlteredYap1,H2O2,0.1,0.5039168791211622,25,0.2508184674578236,0.007459174182871923,83.17528398704414,0.009554541783934644,B12,2485.381860931909,826.9517322505826,821.1137982635722,0.5322481359585698,0.013323794857547028
20260728_ER&OxidativeS,AlteredYap1,H2O2,0.2,0.49655348388013354,25,0.2352245135929722,0.007956491684809462,90.22693996353128,0.008268506454377926,C10,3214.8950140109723,876.7974897584305,852.1975883807902,0.5172802726808093,0.0054160356694773655
20260728_ER&OxidativeS,AlteredYap1,H2O2,0.2,0.49655348388013354,25,0.2352245135929722,0.007956491684809462,90.22693996353128,0.008268506454377926,C11,2854.2538805157646,861.7714623123499,813.8432698137578,0.4782711011231932,0.008110719891102427
20260728_ER&OxidativeS,AlteredYap1,H2O2,0.2,0.49655348388013354,25,0.2352245135929722,0.007956491684809462,90.22693996353128,0.008268506454377926,C12,2783.811694279278,874.9455782276922,878.9925349356763,0.49971443036145724,0.015769324051994743
20260728_ER&OxidativeS,AlteredYap1,H2O2,0.5,0.6021093624203521,25,0.34120837743215154,0.009335697389878054,196.31668463032454,0.017559421123494838,D10,3592.132782398699,1334.0674423842097,1377.6496349536706,0.7865332422141855,0.0072454898401173055
20260728_ER&OxidativeS,AlteredYap1,H2O2,0.5,0.6021093624203521,25,0.34120837743215154,0.009335697389878054,196.31668463032454,0.017559421123494838,D11,3310.311885612306,1202.4937465070066,1374.137760815253,0.36728122093357995,0.009039828608618319
20260728_ER&OxidativeS,AlteredYap1,H2O2,0.5,0.6021093624203521,25,0.34120837743215154,0.009335697389878054,196.31668463032454,0.017559421123494838,D12,3080.2656462113123,1204.1537740589072,1119.9859253880147,0.6424627998922049,0.0231429931942962
20260728_ER&OxidativeS,AlteredYap1,H2O2,1.0,0.5118204609519642,25,0.11544778391527051,0.026344848223628824,228.55275191329318,0.053813371748025904,E10,1421.235962200044,684.9720973555442,768.5676626527775,0.786580657103152,0.0028131872756294207
20260728_ER&OxidativeS,AlteredYap1,H2O2,1.0,0.5118204609519642,25,0.11544778391527051,0.026344848223628824,228.55275191329318,0.053813371748025904,E11,2312.365548714452,1009.8535089326296,1058.649555607051,0.2919861232372289,0.0066003681470017716
20260728_ER&OxidativeS,AlteredYap1,H2O2,1.0,0.5118204609519642,25,0.11544778391527051,0.026344848223628824,228.55275191329318,0.053813371748025904,E12,2992.900614843586,1219.9881403574786,1059.4684940328038,0.4501801814651127,0.06613002572262514
20260728_ER&OxidativeS,AlteredYap1,H2O2,2.0,0.7630450676085179,25,-0.05338726902251532,0.043028749490294484,77.91163153198754,0.027011974011252517,F10,-734.4411424043019,-123.7783088307831,-79.64355018989993,1.0111566725650942,0.02073231185748145
20260728_ER&OxidativeS,AlteredYap1,H2O2,2.0,0.7630450676085179,25,-0.05338726902251532,0.043028749490294484,77.91163153198754,0.027011974011252517,F11,-752.0025566304395,-96.06226235746344,-61.374945871565714,0.8784574483206798,0.10510372471987367
20260728_ER&OxidativeS,AlteredYap1,H2O2,2.0,0.7630450676085179,25,-0.05338726902251532,0.043028749490294484,77.91163153198754,0.027011974011252517,F12,-1179.4217784651094,-214.6310765287371,-120.66771319748447,0.25659870394379647,0.0028543103962992288
20260728_ER&OxidativeS,AlteredYap1,H2O2,4.0,0.6851747330734513,25,0.011302801545830934,0.01864677365212866,47.53554764216498,0.03420254604336943,G10,-878.2964773451241,-100.46921301324166,-33.90367468142868,0.8709932795468366,0.11619928346724248
20260728_ER&OxidativeS,AlteredYap1,H2O2,4.0,0.6851747330734513,25,0.011302801545830934,0.01864677365212866,47.53554764216498,0.03420254604336943,G11,-744.0194131393353,-120.70919588833398,-213.62865649127147,0.913468026238228,0.08243058117133785
20260728_ER&OxidativeS,AlteredYap1,H2O2,4.0,0.6851747330734513,25,0.011302801545830934,0.01864677365212866,47.53554764216498,0.03420254604336943,G12,-962.6693375630823,-77.93893586363109,-55.815390808835936,0.2329795535513331,0.003570952261071933
20260728_ER&OxidativeS,NativeYap1,H2O2,0.0,0.6218136857048875,25,0.22459105615693822,0.006504104152772706,79.611748906093,0.0073517465146685935,A7,2455.600260940154,880.0597565762647,917.0174700131532,0.5360263040611922,0.005692891007530303
20260728_ER&OxidativeS,NativeYap1,H2O2,0.0,0.6218136857048875,25,0.22459105615693822,0.006504104152772706,79.611748906093,0.0073517465146685935,A8,2414.1232421517466,858.8297136722952,899.2341940707141,0.5420480212283239,0.006683190520262947
20260728_ER&OxidativeS,NativeYap1,H2O2,0.0,0.6218136857048875,25,0.22459105615693822,0.006504104152772706,79.611748906093,0.0073517465146685935,A9,3310.8050755590693,1440.142892303929,1357.8176059185732,0.7738830907772375,0.007244221089943352
20260728_ER&OxidativeS,NativeYap1,H2O2,0.1,0.6047548184896276,25,0.21665219007507566,0.008268871496686543,63.00958494852676,0.00886914604681252,B7,3001.037448857311,762.862253574002,838.2771577993792,0.7010077258116802,0.008854184667255313
20260728_ER&OxidativeS,NativeYap1,H2O2,0.1,0.6047548184896276,25,0.21665219007507566,0.008268871496686543,63.00958494852676,0.00886914604681252,B8,3216.822392578774,954.7407239420985,867.3924252493788,0.5703693761209728,0.009829614941881192
20260728_ER&OxidativeS,NativeYap1,H2O2,0.1,0.6047548184896276,25,0.21665219007507566,0.008268871496686543,63.00958494852676,0.00886914604681252,B9,3319.386136276623,869.1236842438778,848.9435628557009,0.530611779607334,0.0061484420485754185
20260728_ER&OxidativeS,NativeYap1,H2O2,0.2,0.468573417265725,25,0.24715555640265183,0.007561968896970882,45.3717037452624,0.004963754854445031,C7,3498.220403010539,1006.0425009904409,992.7383996621837,0.5056527643331593,0.008304320442355807
20260728_ER&OxidativeS,NativeYap1,H2O2,0.2,0.468573417265725,25,0.24715555640265183,0.007561968896970882,45.3717037452624,0.004963754854445031,C8,3305.3109691967647,933.9993413183566,907.2169227203566,0.44552618565656327,0.0068671773519827185
20260728_ER&OxidativeS,NativeYap1,H2O2,0.2,0.468573417265725,25,0.24715555640265183,0.007561968896970882,45.3717037452624,0.004963754854445031,C9,3714.4322412181127,905.5278458032841,957.3376833741339,0.45477669035044876,0.0075432151291207035
20260728_ER&OxidativeS,NativeYap1,H2O2,0.5,0.5633081150722453,25,0.32096309879471374,0.007381171787375911,66.19395593447813,0.003617934960163769,D7,4572.223372558122,1652.2579490920537,1519.464210201096,0.4264422277068621,0.00816066256712512
20260728_ER&OxidativeS,NativeYap1,H2O2,0.5,0.5633081150722453,25,0.32096309879471374,0.007381171787375911,66.19395593447813,0.003617934960163769,D8,3825.2461335218854,1164.9378604223232,1215.5981659488657,0.8516171844867012,0.008174656933298241
20260728_ER&OxidativeS,NativeYap1,H2O2,0.5,0.5633081150722453,25,0.32096309879471374,0.007381171787375911,66.19395593447813,0.003617934960163769,D9,4252.275155692843,1252.1027364349354,1344.6990351675183,0.5061651360336454,0.006611305947210898
20260728_ER&OxidativeS,NativeYap1,H2O2,1.0,0.5466967891121846,25,0.09907979924783757,0.001891599643781164,166.28625667029775,0.01880742450226037,E7,2601.6446398874045,1065.4162559303707,1189.0160992532524,0.3792517361947182,0.0036750400509468766
20260728_ER&OxidativeS,NativeYap1,H2O2,1.0,0.5466967891121846,25,0.09907979924783757,0.001891599643781164,166.28625667029775,0.01880742450226037,E8,5079.215211642909,2041.2699856536049,1563.8321175174995,0.8227124836316451,0.002396395827983271
20260728_ER&OxidativeS,NativeYap1,H2O2,1.0,0.5466967891121846,25,0.09907979924783757,0.001891599643781164,166.28625667029775,0.01880742450226037,E9,2157.385362235008,982.5988656415856,1052.964442828726,0.40814139620293577,0.0003385059959087841
20260728_ER&OxidativeS,NativeYap1,H2O2,2.0,0.5657811099380287,25,-0.002878549201744209,0.028905673394874827,118.91983840270268,0.04013411982925744,F7,-918.9818289681416,-141.2920739494183,-111.96935893267216,0.3828323749423788,0.007298307189374067
20260728_ER&OxidativeS,NativeYap1,H2O2,2.0,0.5657811099380287,25,-0.002878549201744209,0.028905673394874827,118.91983840270268,0.04013411982925744,F8,-841.2509715245709,-207.56650463682712,-238.8304330224881,0.5157200753503455,0.07973065976900921
20260728_ER&OxidativeS,NativeYap1,H2O2,2.0,0.5657811099380287,25,-0.002878549201744209,0.028905673394874827,118.91983840270268,0.04013411982925744,F9,-1032.7142840421645,-311.9857084957337,-284.78092517826207,0.7789678618865781,0.0033472090498560215
20260728_ER&OxidativeS,NativeYap1,H2O2,4.0,0.5137703219728361,25,0.05768491580031949,0.022967264734228603,84.97382529243883,0.027328758253609392,G7,-1026.6872872211923,-158.9830971728551,-192.8678302740973,0.13305642406241172,0.0025967586896321546
20260728_ER&OxidativeS,NativeYap1,H2O2,4.0,0.5137703219728361,25,0.05768491580031949,0.022967264734228603,84.97382529243883,0.027328758253609392,G8,-1115.4209731744286,-74.25343945900524,-142.07894622696392,0.7444438839812793,0.007892794870205812
20260728_ER&OxidativeS,NativeYap1,H2O2,4.0,0.5137703219728361,25,0.05768491580031949,0.022967264734228603,84.97382529243883,0.027328758253609392,G9,-776.4540422942855,-142.92028955038202,-115.0389458912513,0.6023176205551452,0.05839207082049028
20260728_ER&OxidativeS,UPRE1,DTT,0.0,0.5856888826272102,25,0.2071606263402939,0.004659552475608761,72.57592687754446,0.006902598959844185,A1,4388.092686281925,1894.5900208947478,1866.3359722556143,0.5571222734139,0.004094366266663989
20260728_ER&OxidativeS,UPRE1,DTT,0.0,0.5856888826272102,25,0.2071606263402939,0.004659552475608761,72.57592687754446,0.006902598959844185,A2,4448.2171945341515,1809.1659899768147,1875.7893261697432,0.5814099734354855,0.0060512436554570346
20260728_ER&OxidativeS,UPRE1,DTT,0.0,0.5856888826272102,25,0.2071606263402939,0.004659552475608761,72.57592687754446,0.006902598959844185,A3,4537.965507153123,1881.9935114450147,1904.5636096681349,0.6159258351054678,0.004651974393117783
20260728_ER&OxidativeS,UPRE1,DTT,0.1,0.6056340263531873,25,0.208450481547959,0.0036515129783476563,87.44429537704256,0.009321973047327908,B1,4312.910544247245,1788.261264132885,1830.4651432966061,0.7321758366306508,0.0030362185808884773
20260728_ER&OxidativeS,UPRE1,DTT,0.1,0.6056340263531873,25,0.208450481547959,0.0036515129783476563,87.44429537704256,0.009321973047327908,B2,4763.673843620599,1900.3159129565215,1868.9252113233738,0.6226959186438631,0.004240128977770807
20260728_ER&OxidativeS,UPRE1,DTT,0.1,0.6056340263531873,25,0.208450481547959,0.0036515129783476563,87.44429537704256,0.009321973047327908,B3,4618.4820076634205,1919.8958010094775,1917.45640716484,0.4723307764222368,0.004132994606172564
20260728_ER&OxidativeS,UPRE1,DTT,0.2,0.5940588336315328,25,0.2111307930207602,0.003398516836434571,101.27239321847503,0.0060000881390272,C1,5420.049035557248,2152.518995262987,2118.7475185697303,0.48651561692616985,0.0037547930780397146
20260728_ER&OxidativeS,UPRE1,DTT,0.2,0.5940588336315328,25,0.2111307930207602,0.003398516836434571,101.27239321847503,0.0060000881390272,C2,5475.931315174382,2219.993475490254,2211.2935765293428,0.5363248018115451,0.002889831609836838
20260728_ER&OxidativeS,UPRE1,DTT,0.2,0.5940588336315328,25,0.2111307930207602,0.003398516836434571,101.27239321847503,0.0060000881390272,C3,5207.906133442744,2207.33029854151,2245.894570864059,0.7527174186148405,0.004064532716874713
20260728_ER&OxidativeS,UPRE1,DTT,0.5,0.5734472978507508,25,0.21967570826290841,0.0030728471112692972,174.4330618470046,0.008304926857961505,D1,6355.122436396186,2632.4790150983,2568.201425436669,0.5363096001320322,0.004116646107398903
20260728_ER&OxidativeS,UPRE1,DTT,0.5,0.5734472978507508,25,0.21967570826290841,0.0030728471112692972,174.4330618470046,0.008304926857961505,D2,6216.859403103837,2452.3613233915303,2531.0231390401154,0.49367783721645386,0.003576954684220866
20260728_ER&OxidativeS,UPRE1,DTT,0.5,0.5734472978507508,25,0.21967570826290841,0.0030728471112692972,174.4330618470046,0.008304926857961505,D3,6198.935335039409,2467.564061196406,2441.6107714112654,0.6711227926538209,0.0031483475554235064
20260728_ER&OxidativeS,UPRE1,DTT,1.0,0.5035725004176812,25,0.15651035010780062,0.0011256609955314664,116.05281763421185,0.009520533597354016,E1,7872.108488780584,2407.986645180725,2524.6700615695613,0.41236777287294357,0.0022819721079550158
20260728_ER&OxidativeS,UPRE1,DTT,1.0,0.5035725004176812,25,0.15651035010780062,0.0011256609955314664,116.05281763421185,0.009520533597354016,E2,7646.299086617568,2697.876288635044,2549.1950131724625,0.460081773689354,0.002152513446372553
20260728_ER&OxidativeS,UPRE1,DTT,1.0,0.5035725004176812,25,0.15651035010780062,0.0011256609955314664,116.05281763421185,0.009520533597354016,E3,8093.835884701545,2730.1535459579923,2746.166729285771,0.6650907600451716,0.002831207512948077
20260728_ER&OxidativeS,UPRE1,DTT,2.0,0.5392518881378326,25,0.07726537170696028,0.001978748209616491,132.50457905905014,0.00583649244047499,F1,8167.952999091581,1873.2405774827716,1889.2234857232302,0.4553505936078681,0.0016744778448334187
20260728_ER&OxidativeS,UPRE1,DTT,2.0,0.5392518881378326,25,0.07726537170696028,0.001978748209616491,132.50457905905014,0.00583649244047499,F2,8062.773794454993,1776.1573123758392,1843.7865441317501,0.46828365028104757,0.0026307969854796943
20260728_ER&OxidativeS,UPRE1,DTT,2.0,0.5392518881378326,25,0.07726537170696028,0.001978748209616491,132.50457905905014,0.00583649244047499,F3,8430.890067668875,2056.8514808391596,2001.488841092123,0.6775591704007802,0.0020091851601384504
20260728_ER&OxidativeS,UPRE1,DTT,5.0,0.5146099771822104,25,0.07446071678033125,0.0012974208217638823,81.66821918443252,0.005504818745182395,G1,7069.977277625784,1558.877086238996,1563.7196367718273,0.42858075888000086,0.0027860928542868973
20260728_ER&OxidativeS,UPRE1,DTT,5.0,0.5146099771822104,25,0.07446071678033125,0.0012974208217638823,81.66821918443252,0.005504818745182395,G2,7424.802825326159,1714.507646855436,1703.9597981006586,0.44485653225121286,0.0011407767366427794
20260728_ER&OxidativeS,UPRE1,DTT,5.0,0.5146099771822104,25,0.07446071678033125,0.0012974208217638823,81.66821918443252,0.005504818745182395,G3,7078.581160995838,1693.2577167390298,1693.114194711152,0.6523765306988661,0.0014580221184228143
20260728_ER&OxidativeS,UPRE2,DTT,0.0,0.6059329787523597,25,0.23414603229455963,0.015064438609168269,180.96530872137757,0.014159962068991446,A4,3911.8158637472675,1892.0719024893326,1837.9878139692387,0.47235144528222184,0.006596437041540264
20260728_ER&OxidativeS,UPRE2,DTT,0.0,0.6059329787523597,25,0.23414603229455963,0.015064438609168269,180.96530872137757,0.014159962068991446,A5,3836.8207800621635,1903.884815887417,1858.855229886886,0.6497323170943383,0.007337978574395328
20260728_ER&OxidativeS,UPRE2,DTT,0.0,0.6059329787523597,25,0.23414603229455963,0.015064438609168269,180.96530872137757,0.014159962068991446,A6,3687.7218421270904,1829.2818362462474,2050.0637444633203,0.7041103967566475,0.03006361387187236
20260728_ER&OxidativeS,UPRE2,DTT,0.1,0.5994198602480881,25,0.23655209945232847,0.010077715261329554,162.19368248196741,0.01060794993725845,B4,3758.198638749202,1890.6954276947993,1844.7901008478218,0.7497418207936474,0.015361869046208563
20260728_ER&OxidativeS,UPRE2,DTT,0.1,0.5994198602480881,25,0.23655209945232847,0.010077715261329554,162.19368248196741,0.01060794993725845,B5,3833.9387817669403,1893.0351778677225,1940.541151561876,0.5087480854096967,0.008725743639272874
20260728_ER&OxidativeS,UPRE2,DTT,0.1,0.5994198602480881,25,0.23655209945232847,0.010077715261329554,162.19368248196741,0.01060794993725845,B6,4255.869042052108,2069.4712734637947,2111.666046760058,0.5679728647722045,0.008037552976502287
20260728_ER&OxidativeS,UPRE2,DTT,0.2,0.5705690572580954,25,0.2367710469955724,0.007369307135811771,112.7915193284932,0.007793692836207088,C4,4420.10101996961,2230.0475411085413,2206.7882164856105,0.7276810148261421,0.007664511871316568
20260728_ER&OxidativeS,UPRE2,DTT,0.2,0.5705690572580954,25,0.2367710469955724,0.007369307135811771,112.7915193284932,0.007793692836207088,C5,4363.497588629573,2228.1426549018556,2213.729289441846,0.5882282286609607,0.006842815331704206
20260728_ER&OxidativeS,UPRE2,DTT,0.2,0.5705690572580954,25,0.2367710469955724,0.007369307135811771,112.7915193284932,0.007793692836207088,C6,4549.803364938406,2252.4734018664144,2276.3571012457173,0.4335850781985252,0.007778906221163759
20260728_ER&OxidativeS,UPRE2,DTT,0.5,0.8256317571134436,25,0.2584323380731481,0.0074853201025965295,142.13015587823352,0.011600359385666118,D4,5572.449378679447,2737.3789164364425,2752.7084111001154,0.7875079067638308,0.007803343121817601
20260728_ER&OxidativeS,UPRE2,DTT,0.5,0.8256317571134436,25,0.2584323380731481,0.0074853201025965295,142.13015587823352,0.011600359385666118,D5,5879.454657167332,2837.2829689639025,2842.7344071672806,1.0034893320883467,0.008395861073323978
20260728_ER&OxidativeS,UPRE2,DTT,0.5,0.8256317571134436,25,0.2584323380731481,0.0074853201025965295,142.13015587823352,0.011600359385666118,D6,6077.164478775878,2975.044323790374,2940.3579667957756,0.6512820384292785,0.006503123092219284
20260728_ER&OxidativeS,UPRE2,DTT,1.0,0.6495967838793955,25,0.18932571319655733,0.0004778444915263991,98.84214767435307,0.002900590477269414,E4,7743.872524812308,2794.236311307948,3094.31423626658,0.4902852232094225,0.0015949198293842303
20260728_ER&OxidativeS,UPRE2,DTT,1.0,0.6495967838793955,25,0.18932571319655733,0.0004778444915263991,98.84214767435307,0.002900590477269414,E5,7898.322801259405,2978.0655583418597,2763.1304518487427,0.8282280117868596,0.0007281751088934803
20260728_ER&OxidativeS,UPRE2,DTT,1.0,0.6495967838793955,25,0.18932571319655733,0.0004778444915263991,98.84214767435307,0.002900590477269414,E6,8101.483494756765,3035.837670925389,2952.461685529274,0.6096933401035877,0.0026150023758807835
20260728_ER&OxidativeS,UPRE2,DTT,2.0,0.5002144946795224,25,0.07664602566912773,0.002150061452474281,148.8331091643959,0.005010311299675196,F4,8674.91253513035,1850.542240737588,1953.919806649843,0.5604432531633037,0.005762973461074225
20260728_ER&OxidativeS,UPRE2,DTT,2.0,0.5002144946795224,25,0.07664602566912773,0.002150061452474281,148.8331091643959,0.005010311299675196,F5,8729.989775225631,1924.9531108296742,1859.222072544347,0.4278508067866943,0.0016779723467088316
20260728_ER&OxidativeS,UPRE2,DTT,2.0,0.5002144946795224,25,0.07664602566912773,0.002150061452474281,148.8331091643959,0.005010311299675196,F6,8742.722223891918,1943.2418246379875,1929.3773886691251,0.5159397753415702,0.0015252362054860523
20260728_ER&OxidativeS,UPRE2,DTT,5.0,0.4991040441324307,25,0.09764673014904932,0.003467911787176993,197.45961974609423,0.010060195413419537,G4,8025.637612397862,1817.4971396332094,1970.7655248327374,0.6407228871617284,0.0017134971730806475
20260728_ER&OxidativeS,UPRE2,DTT,5.0,0.4991040441324307,25,0.09764673014904932,0.003467911787176993,197.45961974609423,0.010060195413419537,G5,8141.023185108295,2060.3136596834006,2090.005475526385,0.4446802324765318,0.01074954497097438
20260728_ER&OxidativeS,UPRE2,DTT,5.0,0.4991040441324307,25,0.09764673014904932,0.003467911787176993,197.45961974609423,0.010060195413419537,G6,8064.045599167528,1877.1594635199838,2026.1969686710422,0.3965120763278853,0.002431521301295082
20260803_ER&oxidatives,AlteredYap1,H2O2,0.0,0.5263057491908852,25,0.4072563937371622,0.0019207940712089588,86.42273903382538,0.011979423024124584,A10,1612.7467427193376,907.9320509368308,888.1421341421091,0.5126605168822529,0.003167612508169912
20260803_ER&oxidatives,AlteredYap1,H2O2,0.0,0.5263057491908852,25,0.4072563937371622,0.0019207940712089588,86.42273903382538,0.011979423024124584,A11,1601.9397402983539,871.4773888066653,862.6698279664046,0.5187982878178381,0.0030320826442156784
20260803_ER&oxidatives,AlteredYap1,H2O2,0.0,0.5263057491908852,25,0.4072563937371622,0.0019207940712089588,86.42273903382538,0.011979423024124584,A12,1595.27566514749,913.5598944507298,976.0678983408146,0.657530348476915,0.004489468315403786
20260803_ER&oxidatives,AlteredYap1,H2O2,0.1,0.9137850137522204,25,0.3763008454596425,0.0016558562501769293,102.18485389699579,0.026606278691483676,B10,1918.1080947803925,881.0578354065295,855.7155979825554,1.188009434304231,0.003413038267243836
20260803_ER&oxidatives,AlteredYap1,H2O2,0.1,0.9137850137522204,25,0.3763008454596425,0.0016558562501769293,102.18485389699579,0.026606278691483676,B11,2055.562170125408,898.4394118793407,822.3012943934779,0.792693306928804,0.0013643074106907927
20260803_ER&oxidatives,AlteredYap1,H2O2,0.1,0.9137850137522204,25,0.3763008454596425,0.0016558562501769293,102.18485389699579,0.026606278691483676,B12,1907.9025953814858,827.3481484531619,822.6373502376051,0.6692840581202256,0.0057980889108718405
20260803_ER&oxidatives,AlteredYap1,H2O2,0.2,0.8450958974341001,25,0.39249349914838916,0.002259162436990031,96.7019501410331,0.015354118541488196,C10,2294.872748683857,911.4987571956123,866.9332967954141,0.9292713817666837,0.004178268296408089
20260803_ER&oxidatives,AlteredYap1,H2O2,0.2,0.8450958974341001,25,0.39249349914838916,0.002259162436990031,96.7019501410331,0.015354118541488196,C11,2367.896184546076,955.8401080793512,914.5464852549956,0.9378280805004783,0.002123833752480786
20260803_ER&oxidatives,AlteredYap1,H2O2,0.2,0.8450958974341001,25,0.39249349914838916,0.002259162436990031,96.7019501410331,0.015354118541488196,C12,2168.1293637854537,884.6023255904665,906.315072962942,0.626509698256048,0.005355279353461459
20260803_ER&oxidatives,AlteredYap1,H2O2,0.5,0.7739516129507163,25,0.3323979653063233,0.010825055067512602,81.20248573388814,0.010414085098993468,D10,2586.396491362128,875.5716376271837,1118.176681612259,1.1051709523400526,0.020560589262198482
20260803_ER&oxidatives,AlteredYap1,H2O2,0.5,0.7739516129507163,25,0.3323979653063233,0.010825055067512602,81.20248573388814,0.010414085098993468,D11,2827.670626581024,961.9232561550423,915.4923171768626,0.7839193525985383,0.01198881474771414
20260803_ER&oxidatives,AlteredYap1,H2O2,0.5,0.7739516129507163,25,0.3323979653063233,0.010825055067512602,81.20248573388814,0.010414085098993468,D12,2947.6503039798777,1151.2561974897117,992.3198835341518,0.3867453710370401,0.002832100032620007
20260803_ER&oxidatives,AlteredYap1,H2O2,1.0,0.9604371153274571,25,0.08836919114809938,0.07241140652753963,607.6254077451407,0.050728575472986724,E10,3798.232895059321,1401.2250344270328,993.6341346357456,0.9914591242753711,0.009160123049270793
20260803_ER&oxidatives,AlteredYap1,H2O2,1.0,0.9604371153274571,25,0.08836919114809938,0.07241140652753963,607.6254077451407,0.050728575472986724,E11,3813.466216948193,1409.3933169428033,1033.659049529567,0.9460814560314346,0.004606372532771087
20260803_ER&oxidatives,AlteredYap1,H2O2,1.0,0.9604371153274571,25,0.08836919114809938,0.07241140652753963,607.6254077451407,0.050728575472986724,E12,2765.16354237474,839.917167872164,349.98676109080213,0.9429585242399294,0.17636335504780712
20260803_ER&oxidatives,AlteredYap1,H2O2,2.0,0.40299782197872325,25,-0.033598569488429784,0.065106973104644,82.57153810580196,0.08435321017810835,F10,-280.29522015183227,82.35013384073012,103.01629671097687,0.4070578118539982,0.08534440862249593
20260803_ER&oxidatives,AlteredYap1,H2O2,2.0,0.40299782197872325,25,-0.033598569488429784,0.065106973104644,82.57153810580196,0.08435321017810835,F11,-159.1797057003449,-74.12600150653238,-46.83929591783596,0.4413924015211085,0.12806942236797675
20260803_ER&oxidatives,AlteredYap1,H2O2,2.0,0.40299782197872325,25,-0.033598569488429784,0.065106973104644,82.57153810580196,0.08435321017810835,F12,-265.35867816125756,-71.5614263863951,-51.208629092826,0.35134003148161763,0.04007718951468801
20260803_ER&oxidatives,AlteredYap1,H2O2,4.0,0.6274834658695752,25,0.03687405114114601,0.01597338796644189,47.07999226828853,0.13441271490257248,G10,-249.30376792187002,34.14151320373982,33.13525754999784,0.32552245095088916,0.017986857261239844
20260803_ER&oxidatives,AlteredYap1,H2O2,4.0,0.6274834658695752,25,0.03687405114114601,0.01597338796644189,47.07999226828853,0.13441271490257248,G11,-195.1270249540094,4.4294638698292585,6.752194673489153,0.30408746062387165,0.013344429757327603
20260803_ER&oxidatives,AlteredYap1,H2O2,4.0,0.6274834658695752,25,0.03687405114114601,0.01597338796644189,47.07999226828853,0.13441271490257248,G12,-13.677506286617186,-79.48427443313683,-80.0079689518317,1.0567781351578622,0.02324044105451354
20260803_ER&oxidatives,NativeYap1,H2O2,0.0,0.6062380423123842,25,0.4289756711030244,0.0016232078691620483,64.86398487557189,0.01562021317606148,A7,1625.9336770642217,922.7564654007607,957.0796109335281,0.6345521084912763,0.002743754705315259
20260803_ER&oxidatives,NativeYap1,H2O2,0.0,0.6062380423123842,25,0.4289756711030244,0.0016232078691620483,64.86398487557189,0.01562021317606148,A8,1676.3408020874672,1021.5631211995649,1026.068093405711,0.5756688314084688,0.002090479810770336
20260803_ER&oxidatives,NativeYap1,H2O2,0.0,0.6062380423123842,25,0.4289756711030244,0.0016232078691620483,64.86398487557189,0.01562021317606148,A9,1739.1482333348251,1131.8443804074882,1087.0841864916138,0.5927424908081328,0.001909285116094653
20260803_ER&oxidatives,NativeYap1,H2O2,0.1,1.0687030221852005,25,0.32038560708833164,0.009350448471093684,130.21068962697572,0.01800722637948404,B7,2392.3076551036356,999.1272876669813,797.929745732347,0.8959705811142721,0.0023146312817436026
20260803_ER&oxidatives,NativeYap1,H2O2,0.1,1.0687030221852005,25,0.32038560708833164,0.009350448471093684,130.21068962697572,0.01800722637948404,B8,2152.2435178478586,823.5742492687888,965.4646002135939,1.1750183468196556,0.012651680765075939
20260803_ER&oxidatives,NativeYap1,H2O2,0.1,1.0687030221852005,25,0.32038560708833164,0.009350448471093684,130.21068962697572,0.01800722637948404,B9,2336.717036242274,901.640672350623,974.4460265483643,1.0804471018845738,0.017698201448571864
20260803_ER&oxidatives,NativeYap1,H2O2,0.2,1.1261121753654997,25,0.32718242849616114,0.008820928754697293,207.74693477188345,0.023705698457901436,C7,2729.687843270575,1118.9782735329147,914.4167054049688,0.9651881320589522,0.004033274166040855
20260803_ER&oxidatives,NativeYap1,H2O2,0.2,1.1261121753654997,25,0.32718242849616114,0.008820928754697293,207.74693477188345,0.023705698457901436,C8,2410.427952160889,881.599784031286,950.3233710033,1.2586383613566385,0.011397570332303136
20260803_ER&oxidatives,NativeYap1,H2O2,0.2,1.1261121753654997,25,0.32718242849616114,0.008820928754697293,207.74693477188345,0.023705698457901436,C9,2302.5208429955337,893.9506194459578,886.0814558596974,1.1019126434965998,0.018937503143581662
20260803_ER&oxidatives,NativeYap1,H2O2,0.5,1.1950177089344776,25,0.24595229740692579,0.02916021963458465,295.61198260171943,0.03147585422608776,D7,3672.688299963022,1306.0140897801427,898.9655458009317,1.3708428341550982,0.0028521860172601417
20260803_ER&oxidatives,NativeYap1,H2O2,0.5,1.1950177089344776,25,0.24595229740692579,0.02916021963458465,295.61198260171943,0.03147585422608776,D8,2915.2812089791864,1005.0474576042755,1026.9280563212,1.068623765121264,0.05751596983438063
20260803_ER&oxidatives,NativeYap1,H2O2,0.5,1.1950177089344776,25,0.24595229740692579,0.02916021963458465,295.61198260171943,0.03147585422608776,D9,3264.8161591192647,1077.794420465658,1380.1486909196228,1.0604588696417752,0.033214860123506815
20260803_ER&oxidatives,NativeYap1,H2O2,1.0,0.5283852414282431,25,-0.04888123089040013,0.044958635007506895,386.0931475594811,0.02789988933427772,E7,1501.1511383695995,367.32501842377025,1011.2540616049406,0.8490785048408706,0.12007244924644683
20260803_ER&oxidatives,NativeYap1,H2O2,1.0,0.5283852414282431,25,-0.04888123089040013,0.044958635007506895,386.0931475594811,0.02789988933427772,E8,3468.8944567325675,1427.633824333503,784.1615275515863,0.30640727860355993,0.013791018533942821
20260803_ER&oxidatives,NativeYap1,H2O2,1.0,0.5283852414282431,25,-0.04888123089040013,0.044958635007506895,386.0931475594811,0.02789988933427772,E9,3662.961477590482,1412.1434733973297,778.8342426432404,0.3647623740867317,0.012093598135990964
20260803_ER&oxidatives,NativeYap1,H2O2,2.0,0.9059129021982122,25,0.03353863779909321,0.0317334177204177,92.68348957902172,0.09875491974998307,F7,-280.0781650007923,33.60861248828335,53.81636194047014,0.8414814730397473,0.08962136310942234
20260803_ER&oxidatives,NativeYap1,H2O2,2.0,0.9059129021982122,25,0.03353863779909321,0.0317334177204177,92.68348957902172,0.09875491974998307,F8,-298.3920809682556,-9.826085467397693,-25.03384410127409,0.8646495130768399,0.06135373073410343
20260803_ER&oxidatives,NativeYap1,H2O2,2.0,0.9059129021982122,25,0.03353863779909321,0.0317334177204177,92.68348957902172,0.09875491974998307,F9,-477.3464082346753,3.8540695167869012,-36.76948471067446,1.0073296828714344,0.10495012849588486
20260803_ER&oxidatives,NativeYap1,H2O2,4.0,0.6649346901778357,25,-0.14897062515325565,0.06874161905227275,79.9574026473706,0.09334936310183696,G7,-352.9266044874856,-44.42859218266426,-37.54729209833215,1.2083502637287955,0.20544408252925106
20260803_ER&oxidatives,NativeYap1,H2O2,4.0,0.6649346901778357,25,-0.14897062515325565,0.06874161905227275,79.9574026473706,0.09334936310183696,G8,-335.5300715477155,13.704093206092422,71.75449856906293,0.29979071078120795,0.1900329623242118
20260803_ER&oxidatives,NativeYap1,H2O2,4.0,0.6649346901778357,25,-0.14897062515325565,0.06874161905227275,79.9574026473706,0.09334936310183696,G9,-467.98370257598833,-112.41357176720678,-48.445102713184035,0.2582889699951173,0.022700970880867435
20260803_ER&oxidatives,UPRE1,DTT,0.0,0.6767271334506936,25,0.40487020421910386,0.0031831558538523343,59.46786040257924,0.006564185297290497,A1,3049.7196015283585,1538.8688848258073,1538.3868601319566,0.798687426934836,0.0038832453975176312
20260803_ER&oxidatives,UPRE1,DTT,0.0,0.6767271334506936,25,0.40487020421910386,0.0031831558538523343,59.46786040257924,0.006564185297290497,A2,3073.1228472176485,1577.9063866325541,1572.1130181390097,0.5063330010999266,0.003965816093884274
20260803_ER&oxidatives,UPRE1,DTT,0.0,0.6767271334506936,25,0.40487020421910386,0.0031831558538523343,59.46786040257924,0.006564185297290497,A3,3291.5345556157613,1632.6836831156247,1654.6733291331882,0.7010207787426161,0.0029068370787224086
20260803_ER&oxidatives,UPRE1,DTT,0.1,0.6700698004272417,25,0.4016509194892854,0.0033104901407765438,101.50321647573365,0.008715206173692812,B1,3220.4605605914035,1663.550837515777,1671.58460701488,0.6043077818825269,0.0024422888131266306
20260803_ER&oxidatives,UPRE1,DTT,0.1,0.6700698004272417,25,0.4016509194892854,0.0033104901407765438,101.50321647573365,0.008715206173692812,B2,3381.2162854156954,1755.7597103816977,1721.8314205714382,0.5832478400434117,0.002956706293138738
20260803_ER&oxidatives,UPRE1,DTT,0.1,0.6700698004272417,25,0.4016509194892854,0.0033104901407765438,101.50321647573365,0.008715206173692812,B3,3374.0261907600493,1725.5368853838843,1758.1060646389176,0.7891318028218411,0.005965379466682762
20260803_ER&oxidatives,UPRE1,DTT,0.2,0.6962112462618306,25,0.41155429451596987,0.003979273553419944,152.6998423714208,0.011498468924364279,C1,3519.456028131143,1940.246810143706,1917.7422486648122,0.7392257863249093,0.0042358758455084385
20260803_ER&oxidatives,UPRE1,DTT,0.2,0.6962112462618306,25,0.41155429451596987,0.003979273553419944,152.6998423714208,0.011498468924364279,C2,3498.1490464794333,1842.6594867236763,1865.6800355871003,0.7554264187951568,0.0061619411942496465
20260803_ER&oxidatives,UPRE1,DTT,0.2,0.6962112462618306,25,0.41155429451596987,0.003979273553419944,152.6998423714208,0.011498468924364279,C3,3427.7396702923465,1818.2382219804406,1829.8977168324404,0.5496243325114061,0.0024509868169736828
20260803_ER&oxidatives,UPRE1,DTT,0.5,0.9817918789308753,25,0.38426111033255095,0.0016768501612981878,117.72511610104655,0.007176320358316685,D1,4358.441264219842,1981.8860267986788,2008.7999571373473,0.5906512929016421,0.0027709562177299987
20260803_ER&oxidatives,UPRE1,DTT,0.5,0.9817918789308753,25,0.38426111033255095,0.0016768501612981878,117.72511610104655,0.007176320358316685,D2,4482.0743723997975,2069.0415789027334,2047.1117904970884,1.3984730484756895,0.001994672754660112
20260803_ER&oxidatives,UPRE1,DTT,0.5,0.9817918789308753,25,0.38426111033255095,0.0016768501612981878,117.72511610104655,0.007176320358316685,D3,4341.815591670013,1995.2739528837503,2021.400947798666,0.8763310156549488,0.003241114944974885
20260803_ER&oxidatives,UPRE1,DTT,1.0,0.8240399070639424,25,0.28032603975759157,0.0027983018301103962,194.84477941457922,0.010212559032314893,E1,6066.902030603934,2461.3092987508658,2432.015678542801,0.8633520656735506,0.0043814716390670125
20260803_ER&oxidatives,UPRE1,DTT,1.0,0.8240399070639424,25,0.28032603975759157,0.0027983018301103962,194.84477941457922,0.010212559032314893,E2,6212.625538356687,2481.8712935226927,2593.2971859377744,1.0429876214460616,0.002448160977538951
20260803_ER&oxidatives,UPRE1,DTT,1.0,0.8240399070639424,25,0.28032603975759157,0.0027983018301103962,194.84477941457922,0.010212559032314893,E3,5686.387974148087,2219.5032881340485,2130.2567047094517,0.4993133776564885,0.002018640271669905
20260803_ER&oxidatives,UPRE1,DTT,2.0,0.8765766074650742,25,0.08357985458220338,0.0027902470115675837,133.09185169422994,0.006685900753963056,F1,7660.855273501086,1750.1131679246505,1707.4061041644866,0.8010845225173547,0.002537808174616393
20260803_ER&oxidatives,UPRE1,DTT,2.0,0.8765766074650742,25,0.08357985458220338,0.0027902470115675837,133.09185169422994,0.006685900753963056,F2,6679.59080557387,1595.8825096551207,1636.5530920349613,0.7100492078624518,0.0027693776667502535
20260803_ER&oxidatives,UPRE1,DTT,2.0,0.8765766074650742,25,0.08357985458220338,0.0027902470115675837,133.09185169422994,0.006685900753963056,F3,7528.811597442398,1830.3428969734628,1848.374341076191,1.1190130629027402,0.004110722443207191
20260803_ER&oxidatives,UPRE1,DTT,5.0,0.7624908727632447,25,0.08585986004488874,0.002679606266000154,205.75839376144,0.010684139464713655,G1,6424.428173250953,1561.0274691135394,1669.5744827221913,0.5812976248629764,0.00407358056315255
20260803_ER&oxidatives,UPRE1,DTT,5.0,0.7624908727632447,25,0.08585986004488874,0.002679606266000154,205.75839376144,0.010684139464713655,G2,6966.8678961258265,1670.8771774412733,1608.4110112661313,0.5304937094734138,0.006526184652323514
20260803_ER&oxidatives,UPRE1,DTT,5.0,0.7624908727632447,25,0.08585986004488874,0.002679606266000154,205.75839376144,0.010684139464713655,G3,6606.889873373429,1650.1333292749903,1517.0545907042313,1.1830394672180398,0.00458580605699863
20260803_ER&oxidatives,UPRE2,DTT,0.0,0.9135370709716696,25,0.3467201559468874,0.0024052110828649102,116.41900354728432,0.00964323840041942,A4,4167.941590233444,1943.31322911736,1951.0361305395134,0.7917408534635589,0.008676939418680868
20260803_ER&oxidatives,UPRE2,DTT,0.0,0.9135370709716696,25,0.3467201559468874,0.0024052110828649102,116.41900354728432,0.00964323840041942,A5,4163.054724602819,1944.4355431587949,2020.9687536399783,1.3081810379339327,0.00219237266896062
20260803_ER&oxidatives,UPRE2,DTT,0.0,0.9135370709716696,25,0.3467201559468874,0.0024052110828649102,116.41900354728432,0.00964323840041942,A6,4526.339434994027,2304.394272874476,2135.970192879817,0.4973817041166095,0.002319544120305432
20260803_ER&oxidatives,UPRE2,DTT,0.1,0.8698619504381411,25,0.3376414232729183,0.0016657471740114933,123.51697199013451,0.007694648691961289,B4,4158.848537213328,2008.1246045474322,1993.9846893559554,0.7103344613002625,0.0021163791933176608
20260803_ER&oxidatives,UPRE2,DTT,0.1,0.8698619504381411,25,0.3376414232729183,0.0016657471740114933,123.51697199013451,0.007694648691961289,B5,4527.073717404278,2260.0492303680403,2210.4622241355905,0.5261128561249954,0.0023354030118423893
20260803_ER&oxidatives,UPRE2,DTT,0.1,0.8698619504381411,25,0.3376414232729183,0.0016657471740114933,123.51697199013451,0.007694648691961289,B6,4504.9977368711425,2119.431088708909,2195.4739859712217,1.3359781470376233,0.0018027146497674518
20260803_ER&oxidatives,UPRE2,DTT,0.2,0.6521936734865621,25,0.34610644435364335,0.0019512955559888743,107.3264895282812,0.008845365084330602,C4,4564.55268586737,2096.776463500184,2236.272510920634,0.9541712570861118,0.002815533007690102
20260803_ER&oxidatives,UPRE2,DTT,0.2,0.6521936734865621,25,0.34610644435364335,0.0019512955559888743,107.3264895282812,0.008845365084330602,C5,5050.472338639003,2385.08674011644,2400.596514133852,0.5195879782028991,0.0029917196027220124
20260803_ER&oxidatives,UPRE2,DTT,0.2,0.6521936734865621,25,0.34610644435364335,0.0019512955559888743,107.3264895282812,0.008845365084330602,C6,4921.623447503233,2438.076607336608,2287.3227338307593,0.45096068746083395,0.0023997574607054336
20260803_ER&oxidatives,UPRE2,DTT,0.5,0.38585797976445185,25,0.3329294397105712,0.017524990226795524,179.82206477783754,0.008101549509679304,D4,5622.0660747451475,2248.284946414024,2238.687040477361,0.36767532304691153,0.04856630601709322
20260803_ER&oxidatives,UPRE2,DTT,0.5,0.38585797976445185,25,0.3329294397105712,0.017524990226795524,179.82206477783754,0.008101549509679304,D5,5469.887630496963,2391.655131408006,2359.1495214963884,0.45345051186157864,0.005329866926132862
20260803_ER&oxidatives,UPRE2,DTT,0.5,0.38585797976445185,25,0.3329294397105712,0.017524990226795524,179.82206477783754,0.008101549509679304,D6,5863.514483315559,2586.17699578403,2368.2115161558404,0.5181423165668355,0.0031777473213809933
20260803_ER&oxidatives,UPRE2,DTT,1.0,0.29782955042735487,25,0.2972884896896541,0.0016941281154117774,84.26939497298716,0.005854976942924434,E4,7345.34096753183,2749.7854663612816,2637.082741890978,0.32064421065666193,0.0022485835534774416
20260803_ER&oxidatives,UPRE2,DTT,1.0,0.29782955042735487,25,0.2972884896896541,0.0016941281154117774,84.26939497298716,0.005854976942924434,E5,7415.673821158128,2631.7815748874687,2764.982138816197,0.27910435988897425,0.0016704907474126135
20260803_ER&oxidatives,UPRE2,DTT,1.0,0.29782955042735487,25,0.2972884896896541,0.0016941281154117774,84.26939497298716,0.005854976942924434,E6,8036.658657264534,2925.9902327480195,2839.1717797068436,0.3531334204422028,0.004159919650301185
20260803_ER&oxidatives,UPRE2,DTT,2.0,0.20103153878856883,25,0.11466977904998206,0.0016282382816998064,119.94782803842449,0.0030734482729412,F4,9161.28862786419,2121.46773090373,2097.830518377867,0.17793426221725908,0.0021221161162605674
20260803_ER&oxidatives,UPRE2,DTT,2.0,0.20103153878856883,25,0.11466977904998206,0.0016282382816998064,119.94782803842449,0.0030734482729412,F5,9213.990081843704,2200.708744416739,2149.1696263830304,0.24287183568608486,0.002042721316483347
20260803_ER&oxidatives,UPRE2,DTT,2.0,0.20103153878856883,25,0.11466977904998206,0.0016282382816998064,119.94782803842449,0.0030734482729412,F6,9124.079462648215,2158.428836975754,2251.344014861064,0.5056290578807866,0.0041169688879120455
20260803_ER&oxidatives,UPRE2,DTT,5.0,0.41271792136626706,25,0.07211326747834548,0.0010335725242685391,140.36681816007948,0.004971158540486223,G4,9268.059573264441,2108.6923821611413,1993.7683077575841,0.4731806407780087,0.0029497934303719183
20260803_ER&oxidatives,UPRE2,DTT,5.0,0.41271792136626706,25,0.07211326747834548,0.0010335725242685391,140.36681816007948,0.004971158540486223,G5,9060.719808057363,2177.1240018880194,2263.21584666225,0.5085750532800292,0.001841537748347466
20260803_ER&oxidatives,UPRE2,DTT,5.0,0.41271792136626706,25,0.07211326747834548,0.0010335725242685391,140.36681816007948,0.004971158540486223,G6,9242.935056521432,2294.9201945694053,2283.490467856296,0.25042252901970674,0.002741990880082342
20260804_ER_Oxidative_,AlteredYap1,H2O2,0.0,0.618864615615281,25,0.25072784976452805,0.006576189011180596,82.98734239165098,0.005758313319479592,A10,2309.8295152737956,771.8387057257909,744.8906058172699,0.5072641711502476,0.00396071059246908
20260804_ER_Oxidative_,AlteredYap1,H2O2,0.0,0.618864615615281,25,0.25072784976452805,0.006576189011180596,82.98734239165098,0.005758313319479592,A11,2304.90941144852,853.7142570277002,837.0124377773571,0.5117778392147504,0.003335592267495329
20260804_ER_Oxidative_,AlteredYap1,H2O2,0.0,0.618864615615281,25,0.25072784976452805,0.006576189011180596,82.98734239165098,0.005758313319479592,A12,2043.2868718746922,730.7672986174285,819.6163611917909,0.8101681193270751,0.015927482397351422
20260804_ER_Oxidative_,AlteredYap1,H2O2,0.1,0.8275291237936236,25,0.2728266867787171,0.004399133859899525,55.30652767547718,0.00905805499798572,B10,2896.8390988173933,825.4445192736301,779.785509374616,0.9455048671025624,0.0034687505121440295
20260804_ER_Oxidative_,AlteredYap1,H2O2,0.1,0.8275291237936236,25,0.2728266867787171,0.004399133859899525,55.30652767547718,0.00905805499798572,B11,2778.4652108485498,818.6831407468093,821.9516860118296,0.4998222834120956,0.004672916471963428
20260804_ER_Oxidative_,AlteredYap1,H2O2,0.1,0.8275291237936236,25,0.2728266867787171,0.004399133859899525,55.30652767547718,0.00905805499798572,B12,2603.8346813742805,820.2403157688537,875.0566992414573,0.9952034863115298,0.006053843995168323
20260804_ER_Oxidative_,AlteredYap1,H2O2,0.2,0.8977675930507324,25,0.2613538035382103,0.0013176641630992488,91.67416405841401,0.016448777983086502,C10,3083.883028093292,930.0214075127849,901.9985905187202,1.1252558911040416,0.0077813150363172795
20260804_ER_Oxidative_,AlteredYap1,H2O2,0.2,0.8977675930507324,25,0.2613538035382103,0.0013176641630992488,91.67416405841401,0.016448777983086502,C11,2813.0207671475523,798.94743787829,893.510388786397,1.0084460233654555,0.002017797732474721
20260804_ER_Oxidative_,AlteredYap1,H2O2,0.2,0.8977675930507324,25,0.2613538035382103,0.0013176641630992488,91.67416405841401,0.016448777983086502,C12,3018.508480232483,910.8131396345456,798.1510154473872,0.4965129980480574,0.006775882350645912
20260804_ER_Oxidative_,AlteredYap1,H2O2,0.5,1.0449094175318938,25,0.23049231031070214,0.016457082565899204,230.7700729782567,0.019119995211244523,D10,4029.794964203334,1327.7350240733426,1347.4644735677923,1.0112222830222937,0.024679931145743666
20260804_ER_Oxidative_,AlteredYap1,H2O2,0.5,1.0449094175318938,25,0.23049231031070214,0.016457082565899204,230.7700729782567,0.019119995211244523,D11,3493.091004129579,1069.1323265331916,1150.903104725617,1.1801792377449076,0.02157578819540189
20260804_ER_Oxidative_,AlteredYap1,H2O2,0.5,1.0449094175318938,25,0.23049231031070214,0.016457082565899204,230.7700729782567,0.019119995211244523,D12,3687.345402840629,1131.986788767944,1086.7666797779661,0.9449955493037568,0.018609719984846108
20260804_ER_Oxidative_,AlteredYap1,H2O2,1.0,0.7307450140070093,25,0.08543944439731085,0.039475201213575214,96.99443543604411,0.021617931370657716,E10,1380.283869666393,245.14936058918667,379.4228291075534,0.8176785147564546,0.020157559588515152
20260804_ER_Oxidative_,AlteredYap1,H2O2,1.0,0.7307450140070093,25,0.08543944439731085,0.039475201213575214,96.99443543604411,0.021617931370657716,E11,1341.0372172004347,-26.68147991306012,-43.31702465871566,0.8216774769811565,0.10884801943876861
20260804_ER_Oxidative_,AlteredYap1,H2O2,1.0,0.7307450140070093,25,0.08543944439731085,0.039475201213575214,96.99443543604411,0.021617931370657716,E12,1935.3099309222778,492.672654957065,552.7969187153333,0.49402525024223165,0.007359550997832845
20260804_ER_Oxidative_,AlteredYap1,H2O2,2.0,0.5510133943217044,25,-0.04357444225460099,0.028267299414935446,28.063286320349526,0.09511890679130336,F10,80.22814163868891,-97.13347296935615,-99.55431039750242,0.3776675891727301,0.004571898154451672
20260804_ER_Oxidative_,AlteredYap1,H2O2,2.0,0.5510133943217044,25,-0.04357444225460099,0.028267299414935446,28.063286320349526,0.09511890679130336,F11,128.1025916827372,-48.70480021258528,-28.143629620080013,0.8056711873364641,0.06133338620227335
20260804_ER_Oxidative_,AlteredYap1,H2O2,2.0,0.5510133943217044,25,-0.04357444225460099,0.028267299414935446,28.063286320349526,0.09511890679130336,F12,127.62425760253333,-36.74732491568437,-43.99593184303807,0.39786287884469107,0.012706924194129525
20260804_ER_Oxidative_,AlteredYap1,H2O2,4.0,0.4804170704089056,25,0.07672442421012274,0.010262874830017131,26.751169426882093,0.09356284852044416,G10,84.18456973652123,-92.98542019515648,-93.08737587064665,0.7586578648593334,0.012271947748096536
20260804_ER_Oxidative_,AlteredYap1,H2O2,4.0,0.4804170704089056,25,0.07672442421012274,0.010262874830017131,26.751169426882093,0.09356284852044416,G11,104.15982686508902,-119.94578348414056,-124.27600589630445,0.39744586325249714,0.016060384314937625
20260804_ER_Oxidative_,AlteredYap1,H2O2,4.0,0.4804170704089056,25,0.07672442421012274,0.010262874830017131,26.751169426882093,0.09356284852044416,G12,70.56548134663795,-136.2705335460952,-134.09544496322664,0.2906254561931747,0.014716584636501467
20260804_ER_Oxidative_,NativeYap1,H2O2,0.0,0.7704387397000302,25,0.2049150984433597,0.0025699804367283474,58.57847319221572,0.006758429334728133,A7,2076.055210909915,603.1276040852853,629.9561322053715,0.6832676148680261,0.0018450000071434497
20260804_ER_Oxidative_,NativeYap1,H2O2,0.0,0.7704387397000302,25,0.2049150984433597,0.0025699804367283474,58.57847319221572,0.006758429334728133,A8,2265.7733415618654,666.3551198157065,619.9478644268153,0.45816954406926824,0.0041478269360035866
20260804_ER_Oxidative_,NativeYap1,H2O2,0.0,0.7704387397000302,25,0.2049150984433597,0.0025699804367283474,58.57847319221572,0.006758429334728133,A9,2062.185132147903,564.558434333704,572.9936148229723,1.0944513087201078,0.0036586290915037157
20260804_ER_Oxidative_,NativeYap1,H2O2,0.1,0.7767349396277821,25,0.2157861352280281,0.0036140856211560554,88.18274618090061,0.017720336500576504,B7,2749.7958255745243,607.6497573106577,664.6657799778652,1.0425836927843455,0.0020209248444233267
20260804_ER_Oxidative_,NativeYap1,H2O2,0.1,0.7767349396277821,25,0.2157861352280281,0.0036140856211560554,88.18274618090061,0.017720336500576504,B8,2875.855345739361,665.791720768093,615.4465137061432,0.49158847995969723,0.0046251877946720645
20260804_ER_Oxidative_,NativeYap1,H2O2,0.1,0.7767349396277821,25,0.2157861352280281,0.0036140856211560554,88.18274618090061,0.017720336500576504,B9,2682.595667166936,530.1180759054889,541.7431559306976,0.8012774020865288,0.004756016466758725
20260804_ER_Oxidative_,NativeYap1,H2O2,0.2,1.0204611580780678,25,0.2226657699651334,0.0020453149863616958,69.84504165970341,0.008006826163084214,C7,3422.988220462283,814.0595995749698,705.627597735411,0.8492098062545785,0.004515071517674617
20260804_ER_Oxidative_,NativeYap1,H2O2,0.2,1.0204611580780678,25,0.2226657699651334,0.0020453149863616958,69.84504165970341,0.008006826163084214,C8,2997.1897191159783,676.66067379668,716.7418595288963,1.1544437187076269,0.004260783228849407
20260804_ER_Oxidative_,NativeYap1,H2O2,0.2,1.0204611580780678,25,0.2226657699651334,0.0020453149863616958,69.84504165970341,0.008006826163084214,C9,2894.4997763296315,679.0847702185398,737.0367341162354,1.0704681656618245,0.0022926997257935594
20260804_ER_Oxidative_,NativeYap1,H2O2,0.5,0.9152645002812639,25,0.26466085230623737,0.0055576749994095355,229.88543364694516,0.014451331780280723,D7,3814.0753799113563,1021.7147542651784,1140.3597726361609,1.0840678500243586,0.006028126784070781
20260804_ER_Oxidative_,NativeYap1,H2O2,0.5,0.9152645002812639,25,0.26466085230623737,0.0055576749994095355,229.88543364694516,0.014451331780280723,D8,4387.716086130259,1277.3471398275017,1079.8042424143089,0.4303152379987582,0.0014585551030883172
20260804_ER_Oxidative_,NativeYap1,H2O2,0.5,0.9152645002812639,25,0.26466085230623737,0.0055576749994095355,229.88543364694516,0.014451331780280723,D9,3475.7350086337983,936.321778554765,970.684060300823,1.0973543382626985,0.009592767252784873
20260804_ER_Oxidative_,NativeYap1,H2O2,1.0,0.6362265420909589,25,0.12433797625469444,0.03919931538839674,140.9597959294063,0.03033206718239492,E7,1938.3362430762372,490.43349437417777,337.55874070456036,0.37387190384348923,0.0451844098070342
20260804_ER_Oxidative_,NativeYap1,H2O2,1.0,0.6362265420909589,25,0.12433797625469444,0.03919931538839674,140.9597959294063,0.03033206718239492,E8,1825.332731545799,367.3454499328013,396.84060862433336,1.012170309932418,0.09852227704835176
20260804_ER_Oxidative_,NativeYap1,H2O2,1.0,0.6362265420909589,25,0.12433797625469444,0.03919931538839674,140.9597959294063,0.03033206718239492,E9,2279.7742958169133,614.5496710493054,596.1337718421803,0.3619275131511959,0.06312944066006561
20260804_ER_Oxidative_,NativeYap1,H2O2,2.0,0.8360337702119458,25,-0.016668536397835502,0.018228305060316804,10.146305021327597,0.084987470463505,F7,50.10268747603269,-111.56160364100818,-108.0659456506992,0.8719223078593124,0.024121365621824327
20260804_ER_Oxidative_,NativeYap1,H2O2,2.0,0.8360337702119458,25,-0.016668536397835502,0.018228305060316804,10.146305021327597,0.084987470463505,F8,67.9366944836526,-87.46729958490953,-88.62933661800123,0.8951939363384199,0.024935704024287273
20260804_ER_Oxidative_,NativeYap1,H2O2,2.0,0.8360337702119458,25,-0.016668536397835502,0.018228305060316804,10.146305021327597,0.084987470463505,F9,62.83107996532486,-113.84200616482134,-115.39049899703818,0.738019124896336,0.022352334082058875
20260804_ER_Oxidative_,NativeYap1,H2O2,4.0,0.7042532328761719,25,0.04138799512049433,0.02062575679616672,14.166388684683957,0.09248248789072011,G7,18.167561732302907,-44.00535421183156,-42.92228226001144,0.9304970691222767,0.0245950408195379
20260804_ER_Oxidative_,NativeYap1,H2O2,4.0,0.7042532328761719,25,0.04138799512049433,0.02062575679616672,14.166388684683957,0.09248248789072011,G8,-39.00096995474047,-116.44552206897824,-118.45053436665327,0.3976715912786323,0.010325250486142072
20260804_ER_Oxidative_,NativeYap1,H2O2,4.0,0.7042532328761719,25,0.04138799512049433,0.02062575679616672,14.166388684683957,0.09248248789072011,G9,48.341241386228695,-70.95271299592481,-69.23774937132146,0.7739048810088616,0.03609484435280881
20260804_ER_Oxidative_,UPRE1,DTT,0.0,0.6425001373881405,25,0.20423736406713774,0.0026339825624373085,79.91804571529894,0.005743219790095968,A1,4850.846317119636,1792.8930825717764,1786.0658530557885,0.53923238004127,0.002347526532310761
20260804_ER_Oxidative_,UPRE1,DTT,0.0,0.6425001373881405,25,0.20423736406713774,0.0026339825624373085,79.91804571529894,0.005743219790095968,A2,4512.794696955893,1633.238984528564,1653.8899658065588,0.7911665721728114,0.0010584037378550608
20260804_ER_Oxidative_,UPRE1,DTT,0.0,0.6425001373881405,25,0.20423736406713774,0.0026339825624373085,79.91804571529894,0.005743219790095968,A3,4835.504788796245,1845.860708256892,1775.457335418847,0.5800800552056654,0.006477064352715799
20260804_ER_Oxidative_,UPRE1,DTT,0.1,0.8245347213423457,25,0.19326596797738477,0.003458341689866847,94.28379579363693,0.010704960496098223,B1,4834.797932434129,1807.2962512142028,1881.1626399666843,0.9093085951403738,0.004761224533356116
20260804_ER_Oxidative_,UPRE1,DTT,0.1,0.8245347213423457,25,0.19326596797738477,0.003458341689866847,94.28379579363693,0.010704960496098223,B2,5004.815679992723,1872.5965514141062,1951.164525779145,0.9582449459539272,0.0032040293404429062
20260804_ER_Oxidative_,UPRE1,DTT,0.1,0.8245347213423457,25,0.19326596797738477,0.003458341689866847,94.28379579363693,0.010704960496098223,B3,5187.809424449623,2024.1139964075605,1884.377738799196,0.5883690961160356,0.003367834809207903
20260804_ER_Oxidative_,UPRE1,DTT,0.2,0.9138269039559482,25,0.18888144271245197,0.0025276768214318747,104.16726075099746,0.010829998936318865,C1,5385.1105178569205,2085.8982593680057,1961.1098487558052,0.9895301840247076,0.00349075921372926
20260804_ER_Oxidative_,UPRE1,DTT,0.2,0.9138269039559482,25,0.18888144271245197,0.0025276768214318747,104.16726075099746,0.010829998936318865,C2,5157.875522554097,1953.3405248227361,1986.6524910686512,1.028990345456697,0.0036862689420135313
20260804_ER_Oxidative_,UPRE1,DTT,0.2,0.9138269039559482,25,0.18888144271245197,0.0025276768214318747,104.16726075099746,0.010829998936318865,C3,5245.811972332796,1954.8256667551152,2015.3056703370291,0.7220317134850005,0.001759613183769226
20260804_ER_Oxidative_,UPRE1,DTT,0.5,0.8538082424685803,25,0.23635647610430555,0.003960345751886487,81.54353632043969,0.00570998638779831,D1,6692.757650784083,2644.1089813636922,2600.9176393715156,1.1888806113698744,0.004908381550644234
20260804_ER_Oxidative_,UPRE1,DTT,0.5,0.8538082424685803,25,0.23635647610430555,0.003960345751886487,81.54353632043969,0.00570998638779831,D2,6943.722019573836,2754.17835336243,2771.735642632365,0.6342250070373673,0.004547885087900019
20260804_ER_Oxidative_,UPRE1,DTT,0.5,0.8538082424685803,25,0.23635647610430555,0.003960345751886487,81.54353632043969,0.00570998638779831,D3,7038.805968285109,2780.2643786064664,2778.3450147566105,0.7159232057970888,0.0028642689547899313
20260804_ER_Oxidative_,UPRE1,DTT,1.0,0.8323854151092807,25,0.18086093137449175,0.0013752929392878742,84.64815578093747,0.0062360290932181725,E1,8375.418473009737,2956.675997070841,2886.9231703574324,1.006948069504333,0.0012867778916022426
20260804_ER_Oxidative_,UPRE1,DTT,1.0,0.8323854151092807,25,0.18086093137449175,0.0013752929392878742,84.64815578093747,0.0062360290932181725,E2,8465.267297593966,2815.3581198291345,2900.455978399593,0.8578486935385262,0.0034697343409981094
20260804_ER_Oxidative_,UPRE1,DTT,1.0,0.8323854151092807,25,0.18086093137449175,0.0013752929392878742,84.64815578093747,0.0062360290932181725,E3,8201.474830764473,2812.5413424029007,2773.4448500607587,0.5754569796017387,0.000826866058089839
20260804_ER_Oxidative_,UPRE1,DTT,2.0,0.6742298188600204,25,0.07774849688931838,0.0008409556775103653,146.03306877722454,0.005758495342917708,F1,8968.9143913546,1977.2348228638386,1991.3389706025152,0.5474698250178028,0.0009407678340013392
20260804_ER_Oxidative_,UPRE1,DTT,2.0,0.6742298188600204,25,0.07774849688931838,0.0008409556775103653,146.03306877722454,0.005758495342917708,F2,9373.88738983774,2145.10671047575,2128.9603918676203,0.7710946169475384,0.0011562145430106835
20260804_ER_Oxidative_,UPRE1,DTT,2.0,0.6742298188600204,25,0.07774849688931838,0.0008409556775103653,146.03306877722454,0.005758495342917708,F3,8988.111026200511,2117.720306598662,2123.271843125202,0.7053889321719294,0.0009140652202858225
20260804_ER_Oxidative_,UPRE1,DTT,5.0,0.682703198598127,25,0.0859664401952744,0.007174372430083451,173.16431057653907,0.006991820519694885,G1,7901.624620685047,1609.4114330276182,1944.4415918973405,0.7708745295008449,0.005197236763433161
20260804_ER_Oxidative_,UPRE1,DTT,5.0,0.682703198598127,25,0.0859664401952744,0.007174372430083451,173.16431057653907,0.006991820519694885,G2,7843.9827617168,1794.4620241441123,1576.7253594384015,0.5084951955065544,0.02097842737481766
20260804_ER_Oxidative_,UPRE1,DTT,5.0,0.682703198598127,25,0.0859664401952744,0.007174372430083451,173.16431057653907,0.006991820519694885,G3,8366.138147091413,1963.5347083907122,2075.1956457774136,0.7660531986224937,0.003101991084758549
20260804_ER_Oxidative_,UPRE2,DTT,0.0,0.8103177919889003,25,0.22824829365861846,0.0032495093000500415,63.37913973668622,0.0055569203388489575,A4,4450.179655623424,1660.8131637464019,1627.839074894419,0.8485519969707221,0.004738324625761643
20260804_ER_Oxidative_,UPRE2,DTT,0.0,0.8103177919889003,25,0.22824829365861846,0.0032495093000500415,63.37913973668622,0.0055569203388489575,A5,4184.250509810243,1542.6845035770195,1627.8608322832042,0.9569227488833798,0.002584263754103135
20260804_ER_Oxidative_,UPRE2,DTT,0.0,0.8103177919889003,25,0.22824829365861846,0.0032495093000500415,63.37913973668622,0.0055569203388489575,A6,4669.497431107421,1744.2063503985157,1686.949983397691,0.567193120945847,0.0033014821644227676
20260804_ER_Oxidative_,UPRE2,DTT,0.1,0.7505628399921214,25,0.221830644630673,0.0013369619940279624,260.9184610522069,0.02039832089575424,B4,4739.164970005456,1733.7768058975396,1816.1325265686812,1.078643980781979,0.0015508234023197788
20260804_ER_Oxidative_,UPRE2,DTT,0.1,0.7505628399921214,25,0.221830644630673,0.0013369619940279624,260.9184610522069,0.02039832089575424,B5,5014.4765036592535,1784.7849863781507,1724.7927331983562,0.5288239963501019,0.003205474126336839
20260804_ER_Oxidative_,UPRE2,DTT,0.1,0.7505628399921214,25,0.221830644630673,0.0013369619940279624,260.9184610522069,0.02039832089575424,B6,4919.870777464916,1892.6888850179446,1850.9224315759088,0.5695042685746607,0.002584019923705797
20260804_ER_Oxidative_,UPRE2,DTT,0.2,1.0712158785004953,25,0.21212994608129607,0.002649474961182331,153.8239453222124,0.01283377671452992,C4,4903.3084823709405,1834.5694601994162,1874.8611429409434,1.012412683610699,0.003873848952493622
20260804_ER_Oxidative_,UPRE2,DTT,0.2,1.0712158785004953,25,0.21212994608129607,0.002649474961182331,153.8239453222124,0.01283377671452992,C5,4794.450619903452,1860.4642563611635,1906.6736503058871,1.0954614061318524,0.003179901132892688
20260804_ER_Oxidative_,UPRE2,DTT,0.2,1.0712158785004953,25,0.21212994608129607,0.002649474961182331,153.8239453222124,0.01283377671452992,C6,5126.21493489197,2013.0093974286797,2020.2004036192359,1.0997648529002277,0.001938038649213524
20260804_ER_Oxidative_,UPRE2,DTT,0.5,1.017019619041034,25,0.24326261733006108,0.003271268442135886,98.41033192111315,0.0049471136967766905,D4,6007.972163960234,2375.0766094213873,2488.228924384151,0.9866346486539472,0.00424865667702666
20260804_ER_Oxidative_,UPRE2,DTT,0.5,1.017019619041034,25,0.24326261733006108,0.003271268442135886,98.41033192111315,0.0049471136967766905,D5,6531.341485988291,2615.5644884935973,2537.1982268932234,1.0783879799926162,0.003457770663319119
20260804_ER_Oxidative_,UPRE2,DTT,0.5,1.017019619041034,25,0.24326261733006108,0.003271268442135886,98.41033192111315,0.0049471136967766905,D6,6546.299110178644,2648.1337976070345,2595.063296774802,0.9810642138101276,0.0031602042077325037
20260804_ER_Oxidative_,UPRE2,DTT,1.0,0.8684703333771421,25,0.22326584413385328,0.0008760958990351047,133.49870939746333,0.008644279486867296,E4,7950.25304672035,2931.105935286629,2941.981009548928,0.5584656555307602,0.002155611135485732
20260804_ER_Oxidative_,UPRE2,DTT,1.0,0.8684703333771421,25,0.22326584413385328,0.0008760958990351047,133.49870939746333,0.008644279486867296,E5,7647.530176283893,2877.75252795167,2850.921057400945,1.051874089903186,0.0010806317981439087
20260804_ER_Oxidative_,UPRE2,DTT,1.0,0.8684703333771421,25,0.22326584413385328,0.0008760958990351047,133.49870939746333,0.008644279486867296,E6,8100.0796094086845,3066.5791888137255,3035.9522379989253,0.967113228940253,0.0024766788961606157
20260804_ER_Oxidative_,UPRE2,DTT,2.0,0.8587049689815269,25,0.07423418369779178,0.0008572172988749613,153.33714961405772,0.005513182067627632,F4,9380.941280024219,2210.6963440016625,2154.1088927237497,0.8327957561596444,0.0013288980935515728
20260804_ER_Oxidative_,UPRE2,DTT,2.0,0.8587049689815269,25,0.07423418369779178,0.0008572172988749613,153.33714961405772,0.005513182067627632,F5,9770.773784780662,2271.1019671519543,2277.3507738163894,0.8684646290188789,0.001002887414029613
20260804_ER_Oxidative_,UPRE2,DTT,2.0,0.8587049689815269,25,0.07423418369779178,0.0008572172988749613,153.33714961405772,0.005513182067627632,F6,9956.899363932926,2266.553586287896,2310.4392444856944,0.8701131037327162,0.0006919422633741131
20260804_ER_Oxidative_,UPRE2,DTT,5.0,0.8908515110939759,25,0.07773724360517635,0.000847811348935039,126.0616696815491,0.0027863905053136014,G4,8357.362620696498,1877.2338801218345,1928.172187259106,0.9214813411260376,0.0016269215874488278
20260804_ER_Oxidative_,UPRE2,DTT,5.0,0.8908515110939759,25,0.07773724360517635,0.000847811348935039,126.0616696815491,0.0027863905053136014,G5,8593.325547959925,2012.4024339878786,1969.7751078022957,0.9034864212408575,0.0005866365053808565
20260804_ER_Oxidative_,UPRE2,DTT,5.0,0.8908515110939759,25,0.07773724360517635,0.000847811348935039,126.0616696815491,0.0027863905053136014,G6,8626.087333363283,2096.6552275541017,2082.6619267038577,0.8520647094394478,0.0006105743970698383
